studyId	bin	condition	hit2	hit1	nsnps	PP.H0.abf	PP.H1.abf	PP.H2.abf	PP.H3.abf	PP.H4.abf	best1	best2	best4	hit1.margz	hit2.margz
GCST90002316	(1.00904e+08,1.00906e+08]	NS	rs2548276	rs3756353	681	1.33827966131606e-14	3.92096939978125e-06	3.0758281696942e-09	0.901173983358318	0.0988220925964415	rs3756353	rs2548276	rs1428439	8.22950024848376	6.91662404092072
GCST90002340	(1.00904e+08,1.00906e+08]	NS	rs2548257	rs3756353	680	4.28938419217349e-14	1.25672866797344e-05	1.48901698562929e-09	0.436260835845415	0.563726595378846	rs3756353	rs2548257	rs3756353	8.22950024848376	6.56612410986775
GCST90002388	(1.00904e+08,1.00906e+08]	NS	rs10679885	rs3756353	653	4.6400637649005e-13	0.000135947308122528	3.16106820149534e-09	0.926148291400106	0.0737157581302403	rs3756353	rs10679885	rs1428439	8.22950024848376	6.46266539564966
GCST90002407	(1.00904e+08,1.00906e+08]	NS	rs2548279	rs3756353	653	3.73756222165174e-13	0.000109505288875034	3.23495101384688e-09	0.94779491085325	0.0520955806225503	rs3756353	rs2548279	rs3756353	8.22950024848376	6.30295325289081
GCST90018962	(1.00904e+08,1.00906e+08]	NS	rs2548279	rs3756353	507	2.32891767859122e-11	0.00682339953105309	2.69945638664832e-09	0.79090255581282	0.20227404193338	rs3756353	rs2548279	rs3756354	8.22950024848376	5.68181818181818
GCST011096	(1.00904e+08,1.00906e+08]	NS	rs12153670	rs3756353	285	4.04978829205947e-14	1.18652912536283e-05	2.68553537893963e-09	0.786822844678562	0.213165287344608	rs3756353	rs12153670	rs3756354	8.22950024848376	6.17333333333333
GCST90002316	(1.00848e+08,1.0085e+08]	NS	rs2548276	rs59030588	681	6.6237378735809e-25	4.02766309983941e-08	1.52236338406243e-19	0.00925695874981853	0.990743000973551	rs59030588	rs2548276	rs59030588	-10.4072873466452	6.91662404092072
GCST90002340	(1.00848e+08,1.0085e+08]	NS	rs2548257	rs59030588	680	1.6363292084905e-22	9.94994502803844e-06	5.68035381388644e-18	0.345402428158799	0.654587621896176	rs59030588	rs2548257	rs59030588	-10.4072873466452	6.56612410986775
GCST90002388	(1.00848e+08,1.0085e+08]	NS	rs10679885	rs59030588	653	2.61045012570333e-23	1.58864756429329e-06	1.77838307877807e-19	0.0108227463097768	0.989175665042655	rs59030588	rs10679885	rs59030588	-10.4072873466452	6.46266539564966
GCST90002407	(1.00848e+08,1.0085e+08]	NS	rs2548279	rs59030588	653	3.19570614647905e-23	1.94481815063721e-06	2.76596140088885e-19	0.0168328741437549	0.983165181038098	rs59030588	rs2548279	rs59030588	-10.4072873466452	6.30295325289081
GCST90018962	(1.00848e+08,1.0085e+08]	NS	rs2548279	rs59030588	507	2.978052916666e-21	0.000181236043003246	3.45187124455753e-19	0.0210071312641643	0.978811632692834	rs59030588	rs2548279	rs59030588	-10.4072873466452	5.68181818181818
GCST011096	(1.00848e+08,1.0085e+08]	NS	rs12153670	rs59030588	285	2.31079411654902e-22	1.40620742155491e-05	1.53235648530212e-17	0.932498073570344	0.0674878643554404	rs59030588	rs12153670	rs59030588	-10.4072873466452	6.17333333333333
GCST90002316	(1.00852e+08,1.00854e+08]	NS	rs2548276	rs2548257	681	6.97715079371764e-21	1.36596640647036e-07	1.60358986061379e-15	0.0313946185787937	0.968605244824566	rs2548257	rs2548276	rs2548257	-9.44410307991755	6.91662404092072
GCST90002340	(1.00852e+08,1.00854e+08]	NS	rs2548257	rs2548257	680	2.11193584111818e-20	4.13468691859968e-07	7.33137485264705e-16	0.0143531536841294	0.98564643284718	rs2548257	rs2548257	rs2548257	-9.44410307991755	6.56612410986775
GCST90002388	(1.00852e+08,1.00854e+08]	NS	rs10679885	rs10679885	653	7.77237648120065e-21	7.50744869806789e-07	5.29497295503233e-17	0.00511448948898854	0.994884759766143	rs10679885	rs10679885	rs10679885	-9.71941645829113	6.46266539564966
GCST90002407	(1.00852e+08,1.00854e+08]	NS	rs2548279	rs10679885	653	3.21861208092107e-20	3.10890306651278e-06	2.78578704430345e-16	0.0269083122381375	0.973088578858794	rs10679885	rs2548279	rs10679885	-9.71941645829113	6.30295325289081
GCST90018962	(1.00852e+08,1.00854e+08]	NS	rs2548279	rs10679885	507	1.11716470554699e-18	0.000107908523660328	1.29490940235859e-16	0.012507713606471	0.98738437786987	rs10679885	rs2548279	rs10679885	-9.71941645829113	5.68181818181818
GCST011096	(1.00852e+08,1.00854e+08]	NS	rs12153670	rs10679885	285	1.43388527665276e-19	1.38497032854093e-05	9.50852084624248e-15	0.918415123914255	0.0815710263824489	rs10679885	rs12153670	rs2548257	-9.71941645829113	6.17333333333333
GCST90002316	(1.00854e+08,1.00856e+08]	NS	rs2548276	rs112658757	681	1.56661160908549e-15	1.26735797066591e-06	3.60061372632419e-10	0.291282566711595	0.708716165570371	rs112658757	rs2548276	rs28818204	-8.23485924775204	6.91662404092072
GCST90002340	(1.00854e+08,1.00856e+08]	NS	rs2548257	rs112658757	680	7.29179219386936e-15	5.89891642813395e-06	2.53127300934283e-10	0.204775006499204	0.795219094331232	rs112658757	rs2548257	rs112658757	-8.23485924775204	6.56612410986775
GCST90002388	(1.00854e+08,1.00856e+08]	NS	rs10679885	rs112658757	653	7.49316464084384e-14	6.10485608624976e-05	5.10475839877789e-10	0.415896578726503	0.584042372202085	rs112658757	rs10679885	rs28818204	-8.23485924775204	6.46266539564966
GCST90002407	(1.00854e+08,1.00856e+08]	NS	rs2548279	rs112658757	653	1.13315128149162e-13	9.23204791170424e-05	9.80769996461284e-10	0.799056202431652	0.200851476108346	rs112658757	rs2548279	rs28818204	-8.23485924775204	6.30295325289081
GCST90018962	(1.00854e+08,1.00856e+08]	NS	rs2548279	rs112658757	507	7.31106415661823e-12	0.00595649457244947	8.47427928097362e-10	0.690419307794571	0.30362419677824	rs112658757	rs2548279	rs112658757	-8.23485924775204	5.68181818181818
GCST011096	(1.00854e+08,1.00856e+08]	NS	rs12153670	rs112658757	285	1.3449336525178e-15	1.02892852423544e-06	8.91865610171509e-11	0.0682313186507145	0.931767652331573	rs112658757	rs12153670	rs17780091	-8.23485924775204	6.17333333333333
GCST90002316	(1.0085e+08,1.00852e+08]	NS	rs2548276	rs2548257	681	6.6969528115741e-10	1.4034175385299e-07	0.000153919070164271	0.0322553747443802	0.967590565174008	rs2548257	rs2548276	rs2548276	-6.17983560472501	6.91662404092072
GCST90002340	(1.0085e+08,1.00852e+08]	NS	rs2548257	rs2548257	680	3.55175653424505e-09	7.44308274515356e-07	0.000123295689343017	0.0258379201685874	0.974038036282039	rs2548257	rs2548257	rs2548257	-6.17983560472501	6.56612410986775
GCST90002388	(1.0085e+08,1.00852e+08]	NS	rs10679885	rs10679885	653	5.51971858370773e-10	7.12867047496034e-07	3.76033774107749e-06	0.00485644480315006	0.995139081440091	rs10679885	rs10679885	rs10679885	-6.73840297199863	6.46266539564966
GCST90002407	(1.0085e+08,1.00852e+08]	NS	rs2548279	rs10679885	653	2.81411352703832e-09	3.63440412933319e-06	2.43568370705269e-05	0.0314566517576792	0.968515354187006	rs10679885	rs2548279	rs10679885	-6.73840297199863	6.30295325289081
GCST90018962	(1.0085e+08,1.00852e+08]	NS	rs2548279	rs10679885	507	8.98128230256986e-08	0.000115992497492004	1.04102348034172e-05	0.0134447297573647	0.986428777697517	rs10679885	rs2548279	rs10679885	-6.73840297199863	5.68181818181818
GCST011096	(1.0085e+08,1.00852e+08]	NS	rs12153670	rs10679885	285	1.01060667631051e-08	1.30433517394608e-05	0.00067016342280062	0.864943548406145	0.134373234713249	rs10679885	rs12153670	rs10679885	-6.73840297199863	6.17333333333333
GCST90002316	(1.00906e+08,1.00908e+08]	NS	rs2548276	rs11241752	681	1.24100668154685e-06	1.17217757350633e-06	0.285226131743403	0.269406829132336	0.445364625940006	rs11241752	rs2548276	rs3776170	5.19240082474341	6.91662404092072
GCST90002340	(1.00906e+08,1.00908e+08]	NS	rs2548257	rs11241752	680	5.88881248357651e-06	5.56220220174891e-06	0.204424258130818	0.193086307610791	0.602477983243705	rs11241752	rs2548257	rs1541676	5.19240082474341	6.56612410986775
GCST90002388	(1.00906e+08,1.00908e+08]	NS	rs10679885	rs11241752	653	4.12494480122582e-05	3.95104502261396e-05	0.281014065856444	0.269167050637057	0.449738123608262	rs11241752	rs10679885	rs3776170	5.19240082474341	6.46266539564966
GCST90002407	(1.00906e+08,1.00908e+08]	NS	rs2548279	rs11241752	653	4.16350398462621e-05	3.98797862463571e-05	0.360361397014276	0.345169250166052	0.294387837993579	rs11241752	rs2548279	rs3776170	5.19240082474341	6.30295325289081
GCST90018962	(1.00906e+08,1.00908e+08]	NS	rs2548279	rs11241752	507	0.00253530735000925	0.00242833213706213	0.293868335536827	0.281468802291933	0.419699222684168	rs11241752	rs2548279	rs67138278	5.19240082474341	5.68181818181818
GCST011096	(1.00906e+08,1.00908e+08]	NS	rs12153670	rs11241752	285	1.31330864621603e-06	1.20336169921084e-06	0.087089412545239	0.0797985026335339	0.833109568150882	rs11241752	rs12153670	rs72778635	5.19240082474341	6.17333333333333
GCST90002316	(1.0081e+08,1.00812e+08]	NS	rs2548276	rs2548257	681	4.77460706863201e-16	1.69885240034812e-07	1.09736935749867e-10	0.0390454866810478	0.960954343323973	rs2548257	rs2548276	rs3909452	7.9662383233132	6.91662404092072
GCST90002340	(1.0081e+08,1.00812e+08]	NS	rs2548257	rs2548257	680	1.43906016859262e-15	5.12031835608068e-07	4.9955539965078e-11	0.0177746750173252	0.982224812900886	rs2548257	rs2548257	rs2548257	7.9662383233132	6.56612410986775
GCST90002388	(1.0081e+08,1.00812e+08]	NS	rs10679885	rs2548257	653	1.42075500678457e-14	5.55332992700335e-06	9.67896930217793e-11	0.0378323564806425	0.962162090092628	rs2548257	rs10679885	rs10679885	7.9662383233132	6.46266539564966
GCST90002407	(1.0081e+08,1.00812e+08]	NS	rs2548279	rs2548257	653	6.11254114057941e-15	2.38921963912993e-06	5.29055303624069e-11	0.0206792771211459	0.9793183336063	rs2548257	rs2548279	rs2548279	7.9662383233132	6.30295325289081
GCST90018962	(1.0081e+08,1.00812e+08]	NS	rs2548279	rs2548257	507	3.53383488490972e-13	0.000138127621784941	4.0960800105226e-11	0.016010419527815	0.983851452809085	rs2548257	rs2548279	rs2548279	7.9662383233132	5.68181818181818
GCST011096	(1.0081e+08,1.00812e+08]	NS	rs12153670	rs2548257	285	8.4567324818567e-15	3.22442718236169e-06	5.60791148386296e-10	0.213821381528153	0.786175393483864	rs2548257	rs12153670	rs12153670	7.9662383233132	6.17333333333333
GCST90002316	(1.00852e+08,1.00854e+08]	LPS	rs2548276	rs2548276	681	2.89808821135212e-11	3.60583297085428e-08	6.66080612027647e-06	0.00828744764458194	0.991705855461986	rs2548276	rs2548276	rs2548276	6.57422296931745	6.91662404092072
GCST90002340	(1.00852e+08,1.00854e+08]	LPS	rs2548257	rs2548276	680	6.99436463776923e-09	8.70246477797465e-06	0.000242802399662082	0.302097394187458	0.697651093953736	rs2548276	rs2548257	rs2548276	6.57422296931745	6.56612410986775
GCST90002388	(1.00852e+08,1.00854e+08]	LPS	rs10679885	rs10679885	653	2.40555807842746e-10	8.72217813688644e-07	1.63879927816689e-06	0.00594203040157594	0.994055458340775	rs10679885	rs10679885	rs10679885	-6.68431480536031	6.46266539564966
GCST90002407	(1.00852e+08,1.00854e+08]	LPS	rs2548279	rs10679885	653	1.02896167119861e-09	3.73085442114522e-06	8.90591354485197e-06	0.0322914524935056	0.967695909709568	rs10679885	rs2548279	rs10679885	-6.68431480536031	6.30295325289081
GCST90018962	(1.00852e+08,1.00854e+08]	LPS	rs2548279	rs10679885	507	3.21387188342063e-08	0.00011652994850842	3.72520980939838e-06	0.0135070258871125	0.986372686815849	rs10679885	rs2548279	rs10679885	-6.68431480536031	5.68181818181818
GCST011096	(1.00852e+08,1.00854e+08]	LPS	rs12153670	rs10679885	285	3.82152897467356e-09	1.3834837614153e-05	0.000253416981901286	0.917429336924631	0.0823034074343256	rs10679885	rs12153670	rs2548276	-6.68431480536031	6.17333333333333
GCST90002316	(1.00904e+08,1.00906e+08]	LPS	rs2548276	rs10057237	681	2.64805889191219e-07	3.05697444067097e-06	0.0608615252117257	0.702598146743435	0.236537006264511	rs10057237	rs2548276	rs10057237	5.48516136311086	6.91662404092072
GCST90002340	(1.00904e+08,1.00906e+08]	LPS	rs2548257	rs10057237	680	4.7035194967451e-07	5.42983995137407e-06	0.0163277993043173	0.188491483966318	0.795174816537463	rs10057237	rs2548257	rs10057237	5.48516136311086	6.56612410986775
GCST90002388	(1.00904e+08,1.00906e+08]	LPS	rs10679885	rs10057237	653	1.06222497803041e-05	0.000123876779709932	0.072364643483688	0.843917172446675	0.0835836850401471	rs10057237	rs10679885	rs10057237	5.48516136311086	6.46266539564966
GCST90002407	(1.00904e+08,1.00906e+08]	LPS	rs2548279	rs10057237	653	8.4409130475496e-06	9.84380096277542e-05	0.0730581555613449	0.852004917006154	0.0748300485098262	rs10057237	rs2548279	rs10057237	5.48516136311086	6.30295325289081
GCST90018962	(1.00904e+08,1.00906e+08]	LPS	rs2548279	rs10057237	507	0.00053277510262069	0.00621291549598119	0.0617541429925777	0.720141144081916	0.211359022326905	rs10057237	rs2548279	rs10057237	5.48516136311086	5.68181818181818
GCST011096	(1.00904e+08,1.00906e+08]	LPS	rs12153670	rs10057237	285	2.130327287842e-07	2.3138941353975e-06	0.0141268354976423	0.153441220024142	0.832429417551352	rs10057237	rs12153670	rs12153670	5.48516136311086	6.17333333333333
GCST90002316	(1.00848e+08,1.0085e+08]	LPS	rs2548276	rs17723545	681	9.28051969148905e-09	1.36726518991011e-06	0.00213298346538513	0.314244691011155	0.683620948977748	rs17723545	rs2548276	rs59030588	-5.9767786858504	6.91662404092072
GCST90002340	(1.00848e+08,1.0085e+08]	LPS	rs2548257	rs17723545	680	3.76478651066803e-08	5.54652290222039e-06	0.00130690812725082	0.192542016349512	0.806145491352469	rs17723545	rs2548257	rs17723545	-5.9767786858504	6.56612410986775
GCST90002388	(1.00848e+08,1.0085e+08]	LPS	rs10679885	rs17723545	653	2.92304594598187e-07	4.49413032981076e-05	0.0019913406495075	0.306165027006805	0.691798398735795	rs17723545	rs10679885	rs59030588	-5.9767786858504	6.46266539564966
GCST90002407	(1.00848e+08,1.0085e+08]	LPS	rs2548279	rs17723545	653	3.13827946705073e-07	4.82504797972221e-05	0.00271625721301946	0.417619638903676	0.579615539575561	rs17723545	rs2548279	rs59030588	-5.9767786858504	6.30295325289081
GCST90018962	(1.00848e+08,1.0085e+08]	LPS	rs2548279	rs17723545	507	1.97138644768775e-05	0.0030309668433589	0.00228504072328644	0.351320395660093	0.643343882908786	rs17723545	rs2548279	rs67138278	-5.9767786858504	5.68181818181818
GCST011096	(1.00848e+08,1.0085e+08]	LPS	rs12153670	rs17723545	285	6.73244375386674e-09	9.48287850705539e-07	0.000446448421098472	0.0628837951228623	0.936668801435743	rs17723545	rs12153670	rs17723545	-5.9767786858504	6.17333333333333
GCST90002316	(1.0081e+08,1.00812e+08]	LPS	rs2548276	rs3776170	681	1.23566765431595e-06	1.25619448600628e-07	0.283999039168492	0.0288716812962169	0.687127918248189	rs3776170	rs2548276	rs3776170	-4.02846914578638	6.91662404092072
GCST90002340	(1.0081e+08,1.00812e+08]	LPS	rs2548257	rs3776170	680	2.34209095554115e-05	2.38048922020685e-06	0.813033540118118	0.0826363115121036	0.104304346971003	rs3776170	rs2548257	rs3909452	-4.02846914578638	6.56612410986775
GCST90002388	(1.0081e+08,1.00812e+08]	LPS	rs10679885	rs3776170	653	3.509745352611e-05	3.74493874025135e-06	0.239103275118949	0.025512595016268	0.735345287472517	rs3776170	rs10679885	rs10679885	-4.02846914578638	6.46266539564966
GCST90002407	(1.0081e+08,1.00812e+08]	LPS	rs2548279	rs3776170	653	4.80774882579708e-05	5.12992340533515e-06	0.416122355053667	0.0444007348557583	0.539423702678911	rs3776170	rs2548279	rs3776170	-4.02846914578638	6.30295325289081
GCST90018962	(1.0081e+08,1.00812e+08]	LPS	rs2548279	rs3776170	507	0.00325590724726055	0.000343638860883691	0.377393314231216	0.0398312970115017	0.579175842649138	rs3776170	rs2548279	rs10679885	-4.02846914578638	5.68181818181818
GCST011096	(1.0081e+08,1.00812e+08]	LPS	rs12153670	rs3776170	285	1.32795704947677e-05	1.33642804458949e-06	0.880607918461974	0.0886225287921662	0.0307549367473213	rs3776170	rs12153670	rs72778635	-4.02846914578638	6.17333333333333
GCST90002316	(1.00854e+08,1.00856e+08]	LPS	rs2548276	rs59030588	681	4.40311783507161e-10	5.4957674864271e-08	0.000101198832075785	0.0126311689084616	0.987267576861477	rs59030588	rs2548276	rs59030588	-6.08332466596542	6.91662404092072
GCST90002340	(1.00854e+08,1.00856e+08]	LPS	rs2548257	rs59030588	680	5.65740335151244e-08	7.06130842862303e-06	0.00196391120672488	0.245126286663054	0.752902684247759	rs59030588	rs2548257	rs59030588	-6.08332466596542	6.56612410986775
GCST90002388	(1.00854e+08,1.00856e+08]	LPS	rs10679885	rs59030588	653	1.68727773100789e-08	2.11321929769206e-06	0.000114946695839096	0.0143964192372774	0.985486503974807	rs59030588	rs10679885	rs59030588	-6.08332466596542	6.46266539564966
GCST90002407	(1.00854e+08,1.00856e+08]	LPS	rs2548279	rs59030588	653	1.98638943716518e-08	2.48783968057332e-06	0.000171926837402922	0.0215328575677931	0.978292707891229	rs59030588	rs2548279	rs59030588	-6.08332466596542	6.30295325289081
GCST90018962	(1.00854e+08,1.00856e+08]	LPS	rs2548279	rs59030588	507	1.8658362350434e-06	0.000233684763905723	0.000216269711352551	0.0270864803074233	0.972461699381084	rs59030588	rs2548279	rs59030588	-6.08332466596542	5.68181818181818
GCST011096	(1.00854e+08,1.00856e+08]	LPS	rs12153670	rs59030588	285	4.42410947373406e-08	5.50248613719511e-06	0.00293375891656124	0.364886263870538	0.632174430485668	rs59030588	rs12153670	rs17723545	-6.08332466596542	6.17333333333333
GCST90002316	(1.00904e+08,1.00906e+08]	PAM3CSK4	rs2548276	rs3756353	681	2.14479825001486e-11	2.17830705495585e-06	4.92948601581453e-06	0.50065008051366	0.49934281167182	rs3756353	rs2548276	rs1423380	7.04758230314211	6.91662404092072
GCST90002340	(1.00904e+08,1.00906e+08]	PAM3CSK4	rs2548257	rs3756353	680	7.33477863059845e-11	7.4493719955954e-06	2.54619532256393e-06	0.258597526748755	0.741392477610579	rs3756353	rs2548257	rs3756353	7.04758230314211	6.56612410986775
GCST90002388	(1.00904e+08,1.00906e+08]	PAM3CSK4	rs10679885	rs3756353	653	8.34006444190806e-10	8.47137591529279e-05	5.68171340772575e-06	0.577117004971155	0.422792598722278	rs3756353	rs10679885	rs59030588	7.04758230314211	6.46266539564966
GCST90002407	(1.00904e+08,1.00906e+08]	PAM3CSK4	rs2548279	rs3756353	653	3.85374049250102e-10	3.91441632368164e-05	3.33550613314192e-06	0.338802254088404	0.661155265856851	rs3756353	rs2548279	rs1423385	7.04758230314211	6.30295325289081
GCST90018962	(1.00904e+08,1.00906e+08]	PAM3CSK4	rs2548279	rs3756353	507	3.5538402421114e-08	0.00360979419679056	4.11926828796225e-06	0.418412470676373	0.577973580320145	rs3756353	rs2548279	rs2059846	7.04758230314211	5.68181818181818
GCST011096	(1.00904e+08,1.00906e+08]	PAM3CSK4	rs12153670	rs3756353	285	1.0214540635668e-10	1.03729117687526e-05	6.77356648753429e-06	0.687858710842336	0.312124142577262	rs3756353	rs12153670	rs10478633	7.04758230314211	6.17333333333333
GCST90002316	(1.00848e+08,1.0085e+08]	PAM3CSK4	rs2548276	rs2548276	681	4.38334262657307e-10	4.75661470082581e-08	0.000100744329589349	0.0109323409090697	0.98896686675686	rs2548276	rs2548276	rs2548276	6.13813415667324	6.91662404092072
GCST90002340	(1.00848e+08,1.0085e+08]	PAM3CSK4	rs2548257	rs2548276	680	7.03709958445147e-08	7.63635742130714e-06	0.00244285900757785	0.265088539502005	0.732460894762	rs2548276	rs2548257	rs2548276	6.13813415667324	6.56612410986775
GCST90002388	(1.00848e+08,1.0085e+08]	PAM3CSK4	rs10679885	rs2548276	653	8.01693926242938e-09	1.31018082664982e-06	5.4615826548514e-05	0.00892567679922921	0.991018389176458	rs2548276	rs10679885	rs10679885	6.13813415667324	6.46266539564966
GCST90002407	(1.00848e+08,1.0085e+08]	PAM3CSK4	rs2548279	rs2548276	653	2.52581142440967e-08	4.1278467899878e-06	0.000218615122467958	0.0357275180087151	0.964049713763912	rs2548276	rs2548279	rs2548276	6.13813415667324	6.30295325289081
GCST90018962	(1.00848e+08,1.0085e+08]	PAM3CSK4	rs2548279	rs2548276	507	8.95002230201426e-07	0.000146266850616312	0.000103740012306627	0.0169538403044792	0.982795257830367	rs2548276	rs2548279	rs2548276	6.13813415667324	5.68181818181818
GCST011096	(1.00848e+08,1.0085e+08]	PAM3CSK4	rs12153670	rs2548276	285	5.47849145796414e-08	8.92561449940077e-06	0.00363295105139911	0.591884113150211	0.404473955398975	rs2548276	rs12153670	rs2548276	6.13813415667324	6.17333333333333
GCST90002316	(1.00852e+08,1.00854e+08]	PAM3CSK4	rs2548276	rs10058901	681	1.99269548711644e-06	7.62248613516288e-08	0.457990141378061	0.0175191017657559	0.524488687935835	rs10058901	rs2548276	rs1423380	-4.17422073516414	6.91662404092072
GCST90002340	(1.00852e+08,1.00854e+08]	PAM3CSK4	rs2548257	rs10058901	680	2.31591414153446e-05	8.85840279099485e-07	0.803946519944745	0.030751062694278	0.165278372379282	rs10058901	rs2548257	rs2548257	-4.17422073516414	6.56612410986775
GCST90002388	(1.00852e+08,1.00854e+08]	PAM3CSK4	rs10679885	rs10679885	653	5.54595327117973e-05	2.30440426462713e-06	0.377821026191895	0.0156988770270904	0.606422332844038	rs10679885	rs10679885	rs10679885	-4.22629976192845	6.46266539564966
GCST90002407	(1.00852e+08,1.00854e+08]	PAM3CSK4	rs2548279	rs10679885	653	6.29464785264536e-05	2.61549505498744e-06	0.544817082502647	0.0226377458837433	0.432479609640029	rs10679885	rs2548279	rs1423380	-4.22629976192845	6.30295325289081
GCST90018962	(1.00852e+08,1.00854e+08]	PAM3CSK4	rs2548279	rs10679885	507	0.00450417751177958	0.00018527484132542	0.522080744310643	0.0214752697486371	0.451754533587615	rs10679885	rs2548279	rs10679885	-4.22629976192845	5.68181818181818
GCST011096	(1.00852e+08,1.00854e+08]	PAM3CSK4	rs12153670	rs10679885	285	1.29925981474312e-05	4.75366174108474e-07	0.861577926374219	0.0315229485211009	0.106885657140358	rs10679885	rs12153670	rs1833862	-4.22629976192845	6.17333333333333
GCST90002316	(1.00854e+08,1.00856e+08]	PAM3CSK4	rs2548276	rs17724185	681	3.85222521069445e-08	3.64026822143101e-06	0.00885374198051257	0.836659172546132	0.154483406682882	rs17724185	rs2548276	rs72778607	-5.94336024981786	6.91662404092072
GCST90002340	(1.00854e+08,1.00856e+08]	PAM3CSK4	rs2548257	rs17724185	680	6.12872008120701e-08	5.79150556359079e-06	0.00212752411353957	0.201046345353912	0.796820277739784	rs17724185	rs2548257	rs17724185	-5.94336024981786	6.56612410986775
GCST90002388	(1.00854e+08,1.00856e+08]	PAM3CSK4	rs10679885	rs17724185	653	1.38263931612506e-06	0.000131902971347079	0.00941930412551975	0.898596031291702	0.0918513789721152	rs17724185	rs10679885	rs67138278	-5.94336024981786	6.46266539564966
GCST90002407	(1.00854e+08,1.00856e+08]	PAM3CSK4	rs2548279	rs17724185	653	1.07807148527037e-06	0.000102847380783477	0.00933097093092286	0.890169096877192	0.100396006739617	rs17724185	rs2548279	rs72778607	-5.94336024981786	6.30295325289081
GCST90018962	(1.00854e+08,1.00856e+08]	PAM3CSK4	rs2548279	rs17724185	507	6.70619883848244e-05	0.00639764031130053	0.00777317783753771	0.741552660129485	0.244209459733291	rs17724185	rs2548279	rs17724185	-5.94336024981786	5.68181818181818
GCST011096	(1.00854e+08,1.00856e+08]	PAM3CSK4	rs12153670	rs17724185	285	1.03930354982482e-08	9.66180461059942e-07	0.000689193175353059	0.0640703074702495	0.935239522780899	rs17724185	rs12153670	rs17724185	-5.94336024981786	6.17333333333333
GCST90002316	(1.0081e+08,1.00812e+08]	PAM3CSK4	rs2548276	rs278494	681	1.22529132273284e-06	1.01712450391746e-06	0.281614200341155	0.233770286709656	0.484613270533362	rs278494	rs2548276	rs2548276	5.03074140869289	6.91662404092072
GCST90002340	(1.0081e+08,1.00812e+08]	PAM3CSK4	rs2548257	rs278494	680	1.02078883196058e-05	8.47358386049632e-06	0.354356672527345	0.294152021179522	0.351472624820954	rs278494	rs2548257	rs2548257	5.03074140869289	6.56612410986775
GCST90002388	(1.0081e+08,1.00812e+08]	PAM3CSK4	rs10679885	rs278494	653	2.31176662323586e-05	1.98322339907838e-05	0.157490334880039	0.135108152407527	0.707358562812211	rs278494	rs10679885	rs10679885	5.03074140869289	6.46266539564966
GCST90002407	(1.0081e+08,1.00812e+08]	PAM3CSK4	rs2548279	rs278494	653	2.93058065410145e-05	2.51409293121689e-05	0.253648883842685	0.217600858378516	0.528695811042945	rs278494	rs2548279	rs67138278	5.03074140869289	6.30295325289081
GCST90018962	(1.0081e+08,1.00812e+08]	PAM3CSK4	rs2548279	rs278494	507	0.00171935273744658	0.00147281311725769	0.199290759423022	0.170714268360301	0.626802806361973	rs278494	rs2548279	rs67138278	5.03074140869289	5.68181818181818
GCST011096	(1.0081e+08,1.00812e+08]	PAM3CSK4	rs12153670	rs278494	285	7.2361063437977e-06	5.41451108691652e-06	0.479847789331128	0.359052375949771	0.161087184101672	rs278494	rs12153670	rs278494	5.03074140869289	6.17333333333333
GCST90002316	(1.00904e+08,1.00906e+08]	IAV	rs2548276	rs1428439	681	1.79574873996692e-19	3.24950887564014e-06	4.12724987141431e-14	0.746849199481689	0.253147551009393	rs1428439	rs2548276	rs1428439	9.59868959839376	6.91662404092072
GCST90002340	(1.00904e+08,1.00906e+08]	IAV	rs2548257	rs1428439	680	1.17964496736931e-18	2.13463426494813e-05	4.09501997193441e-14	0.741017016944679	0.258961636712631	rs1428439	rs2548257	rs3756352	9.59868959839376	6.56612410986775
GCST90002388	(1.00904e+08,1.00906e+08]	IAV	rs10679885	rs1428439	653	6.46093095973218e-18	0.00011691419869213	4.40154369501518e-14	0.796484217705406	0.203398868095858	rs1428439	rs10679885	rs1428439	9.59868959839376	6.46266539564966
GCST90002407	(1.00904e+08,1.00906e+08]	IAV	rs2548279	rs1428439	653	6.05272381182679e-18	0.000109527459552646	5.2387796832319e-14	0.947986803460684	0.0519036690797097	rs1428439	rs2548279	rs1428439	9.59868959839376	6.30295325289081
GCST90018962	(1.00904e+08,1.00906e+08]	IAV	rs2548279	rs1428439	507	3.31772605897888e-16	0.00600361288617752	3.84558753681569e-14	0.695880807532855	0.298115579580931	rs1428439	rs2548279	rs1428439	9.59868959839376	5.68181818181818
GCST011096	(1.00904e+08,1.00906e+08]	IAV	rs12153670	rs1428439	285	7.06107714193056e-19	1.27774183175339e-05	4.68241081027797e-14	0.847308710199222	0.152678512382412	rs1428439	rs12153670	rs1428439	9.59868959839376	6.17333333333333
GCST90002316	(1.00848e+08,1.0085e+08]	IAV	rs2548276	rs2059198	681	7.40540432867682e-35	4.35093770670146e-06	1.70201729134253e-29	0.999995527817897	1.21244398342847e-07	rs2059198	rs2548276	rs2059198	12.7500557609084	6.91662404092072
GCST90002340	(1.00848e+08,1.0085e+08]	IAV	rs2548257	rs2059198	680	4.90285050260486e-34	2.88059857035723e-05	1.70197570310913e-29	0.99997109325569	1.00758606111207e-07	rs2059198	rs2548257	rs2059198	12.7500557609084	6.56612410986775
GCST90002388	(1.00848e+08,1.0085e+08]	IAV	rs10679885	rs2059198	653	2.49798994965433e-33	0.000146765769707539	1.70176898370201e-29	0.999849638274197	3.59595610092044e-06	rs2059198	rs10679885	rs2059198	12.7500557609084	6.46266539564966
GCST90002407	(1.00848e+08,1.0085e+08]	IAV	rs2548279	rs2059198	653	1.96621651982453e-33	0.000115522194548324	1.70180822339269e-29	0.999872692984272	1.17848211788623e-05	rs2059198	rs2548279	rs2059198	12.7500557609084	6.30295325289081
GCST90018962	(1.00848e+08,1.0085e+08]	IAV	rs2548279	rs201296977	507	7.26886779236035e-32	0.00854143470143258	8.42536933192889e-30	0.990040595589864	0.00141796970869672	rs201296977	rs2548279	rs201296977	12.7500557609084	5.68181818181818
GCST011096	(1.00848e+08,1.0085e+08]	IAV	rs12153670	rs201296977	285	1.28329420213319e-34	1.50796161704412e-05	8.50990652566733e-30	0.99997431485378	1.06055300486773e-05	rs201296977	rs12153670	rs2059198	12.7500557609084	6.17333333333333
GCST90002316	(1.00852e+08,1.00854e+08]	IAV	rs2548276	rs2059198	681	1.84238175091373e-26	4.34834017765668e-06	4.23442861204228e-21	0.999398526067174	0.000597125592650506	rs2059198	rs2548276	rs3909452	11.1417911808492	6.91662404092072
GCST90002340	(1.00852e+08,1.00854e+08]	IAV	rs2548257	rs2059198	680	1.21914795645627e-25	2.87740042960025e-05	4.23215066272432e-21	0.998860890556129	0.00111033543957194	rs2059198	rs2548257	rs3909452	11.1417911808492	6.56612410986775
GCST90002388	(1.00852e+08,1.00854e+08]	IAV	rs10679885	rs2059198	653	6.20249856818517e-25	0.00014639111690515	4.22548524915174e-21	0.997297296064597	0.00255631281849938	rs2059198	rs10679885	rs10679885	11.1417911808492	6.46266539564966
GCST90002407	(1.00852e+08,1.00854e+08]	IAV	rs2548279	rs2059198	653	4.88793803651215e-25	0.000115364913133313	4.23062926290169e-21	0.998511384080819	0.00137325100604477	rs2059198	rs2548279	rs10679885	11.1417911808492	6.30295325289081
GCST90018962	(1.00852e+08,1.00854e+08]	IAV	rs2548279	rs201296977	507	1.80793952888066e-23	0.00853336805687783	2.09558884488485e-21	0.989105588081335	0.00236104386178684	rs201296977	rs2548279	rs201296977	11.1417911808492	5.68181818181818
GCST011096	(1.00852e+08,1.00854e+08]	IAV	rs12153670	rs201296977	285	3.19486644296632e-26	1.50795813767233e-05	2.11861120750335e-21	0.999972007578579	1.29128400449072e-05	rs201296977	rs12153670	rs2059198	11.1417911808492	6.17333333333333
GCST90002316	(1.0081e+08,1.00812e+08]	IAV	rs2548276	rs3909452	681	1.81870143317461e-20	6.27143029732898e-08	4.18000307568041e-15	0.0144139095365377	0.985586027749158	rs3909452	rs2548276	rs3909452	9.2450560580431	6.91662404092072
GCST90002340	(1.0081e+08,1.00812e+08]	IAV	rs2548257	rs3909452	680	1.07739708317092e-19	3.71518963277976e-07	3.74007662926564e-15	0.012896910652435	0.9871027178286	rs3909452	rs2548257	rs3909452	9.2450560580431	6.56612410986775
GCST90002388	(1.0081e+08,1.00812e+08]	IAV	rs10679885	rs10679885	653	4.38537629375184e-21	5.97972868123309e-07	2.98756100263801e-17	0.00407372207485624	0.995925679952275	rs10679885	rs10679885	rs10679885	9.63435633537143	6.46266539564966
GCST90002407	(1.0081e+08,1.00812e+08]	IAV	rs2548279	rs10679885	653	2.83327101948371e-20	3.86333825014104e-06	2.45226498274356e-16	0.0334381322583148	0.966558004403434	rs10679885	rs2548279	rs10679885	9.63435633537143	6.30295325289081
GCST90018962	(1.0081e+08,1.00812e+08]	IAV	rs2548279	rs10679885	507	8.15677621446833e-19	0.00011122263080716	9.45454699795447e-17	0.0128918528908173	0.986996924478374	rs10679885	rs2548279	rs10679885	9.63435633537143	5.68181818181818
GCST011096	(1.0081e+08,1.00812e+08]	IAV	rs12153670	rs10679885	285	1.08169045814029e-19	1.47495107129751e-05	7.17301198211502e-15	0.978084037612748	0.0219012128765295	rs10679885	rs12153670	rs10679885	9.63435633537143	6.17333333333333
GCST90002316	(1.00854e+08,1.00856e+08]	IAV	rs2548276	rs2059198	681	9.96638072111493e-24	4.35093768317333e-06	2.29061798202601e-18	0.999995522410315	1.26652004939833e-07	rs2059198	rs2548276	rs2059198	10.5539560196154	6.91662404092072
GCST90002340	(1.00854e+08,1.00856e+08]	IAV	rs2548257	rs2059198	680	6.59838042688904e-23	2.88059856939252e-05	2.29056202314746e-18	0.999971092920792	1.0109351655422e-07	rs2059198	rs2548257	rs2059198	10.5539560196154	6.56612410986775
GCST90002388	(1.00854e+08,1.00856e+08]	IAV	rs10679885	rs2059198	653	3.36185805479545e-22	0.000146765764887227	2.29028374035346e-18	0.999849605435556	3.62879955975711e-06	rs2059198	rs10679885	rs2059198	10.5539560196154	6.46266539564966
GCST90002407	(1.00854e+08,1.00856e+08]	IAV	rs2548279	rs2059198	653	2.64618419729587e-22	0.000115522202727935	2.29033678751302e-18	0.999872763780787	1.17140164874363e-05	rs2059198	rs2548279	rs2059198	10.5539560196154	6.30295325289081
GCST90018962	(1.00854e+08,1.00856e+08]	IAV	rs2548279	rs201296977	507	9.82685013070558e-21	0.00854143171798301	1.13903353432465e-18	0.990040249777198	0.00141831850481594	rs201296977	rs2548279	rs201296977	10.5539560196154	5.68181818181818
GCST011096	(1.00854e+08,1.00856e+08]	IAV	rs12153670	rs201296977	285	1.73489805658477e-23	1.50796166532292e-05	1.15046263503385e-18	0.999974346868884	1.0573514461882e-05	rs201296977	rs12153670	rs2059198	10.5539560196154	6.17333333333333
GCST90002316	(1.00912e+08,1.00914e+08]	IAV	rs2548276	rs3756352	681	2.47838158886097e-12	4.22610326350541e-06	5.6961755652578e-07	0.971304267834687	0.0286909364420155	rs3756352	rs2548276	rs3756352	7.94121666133476	6.91662404092072
GCST90002340	(1.00912e+08,1.00914e+08]	IAV	rs2548257	rs3756352	680	6.02350329495941e-12	1.02711975617362e-05	2.09099915450655e-07	0.356554389790614	0.643435129905887	rs3756352	rs2548257	rs3756352	7.94121666133476	6.56612410986775
GCST90002388	(1.00912e+08,1.00914e+08]	IAV	rs10679885	rs3756352	653	8.46756209963738e-11	0.000144412135094581	5.76857186744391e-07	0.983815376871914	0.0160396340511273	rs3756352	rs10679885	rs3756352	7.94121666133476	6.46266539564966
GCST90002407	(1.00912e+08,1.00914e+08]	IAV	rs2548279	rs3756352	653	6.35163007330547e-11	0.000108325448272328	5.49749032302114e-07	0.937583103456993	0.0623080212821851	rs3756352	rs2548279	rs3756352	7.94121666133476	6.30295325289081
GCST90018962	(1.00912e+08,1.00914e+08]	IAV	rs2548279	rs3756352	507	4.10119196794491e-09	0.00699447942095964	4.75370553133362e-07	0.810732483924092	0.182272557183204	rs3756352	rs2548279	rs3756352	7.94121666133476	5.68181818181818
GCST011096	(1.00912e+08,1.00914e+08]	IAV	rs12153670	rs3756352	285	3.66115133401662e-12	6.21049055535962e-06	2.42781862311959e-07	0.411836148069532	0.58815739865439	rs3756352	rs12153670	rs3756352	7.94121666133476	6.17333333333333
GCST90002316	(1.0091e+08,1.00912e+08]	IAV	rs2548276	rs3756352	681	3.84284926735896e-07	2.88055072028039e-06	0.0883219282941781	0.662049891796034	0.249624915074141	rs3756352	rs2548276	rs2548276	6.00601481644179	6.91662404092072
GCST90002340	(1.0091e+08,1.00912e+08]	IAV	rs2548257	rs3756352	680	1.30976625225587e-06	9.81740190417319e-06	0.0454672304796455	0.340801325671318	0.613720316680881	rs3756352	rs2548257	rs1541676	6.00601481644179	6.56612410986775
GCST90002388	(1.0091e+08,1.00912e+08]	IAV	rs10679885	rs3756352	653	1.32420834113181e-05	9.9214983554848e-05	0.0902123999021471	0.675907370065722	0.233767772965164	rs3756352	rs10679885	rs2548276	6.00601481644179	6.46266539564966
GCST90002407	(1.0091e+08,1.00912e+08]	IAV	rs2548279	rs3756352	653	1.16500959046326e-05	8.72871766237784e-05	0.100834413778533	0.755491745071565	0.143574903877373	rs3756352	rs2548279	rs2548276	6.00601481644179	6.30295325289081
GCST90018962	(1.0091e+08,1.00912e+08]	IAV	rs2548279	rs3756352	507	0.000705114968936893	0.00528246448690121	0.0817301153971846	0.612292251782568	0.299990053364409	rs3756352	rs2548279	rs2548276	6.00601481644179	5.68181818181818
GCST011096	(1.0091e+08,1.00912e+08]	IAV	rs12153670	rs3756352	285	3.05429496066912e-07	2.28346697103136e-06	0.0202539406582726	0.151423504022881	0.828319966422379	rs3756352	rs12153670	rs72778635	6.00601481644179	6.17333333333333
GCST90002316	(1.00906e+08,1.00908e+08]	IAV	rs2548276	rs4703134	681	8.50592209115539e-07	4.57177766596654e-07	0.195495422470006	0.105075216616011	0.699428053144008	rs4703134	rs2548276	rs59030588	5.40805402022608	6.91662404092072
GCST90002340	(1.00906e+08,1.00908e+08]	IAV	rs2548257	rs4703134	680	1.18629341282876e-05	6.37610235794525e-06	0.411809938793826	0.221340040615028	0.36683178155466	rs4703134	rs2548257	rs1541676	5.40805402022608	6.56612410986775
GCST90002388	(1.00906e+08,1.00908e+08]	IAV	rs10679885	rs4703134	653	3.15323244623152e-05	1.70367445191633e-05	0.214815643119068	0.116063731201078	0.669072056610872	rs4703134	rs10679885	rs59030588	5.40805402022608	6.46266539564966
GCST90002407	(1.00906e+08,1.00908e+08]	IAV	rs2548279	rs4703134	653	3.21644926465289e-05	1.73783015731149e-05	0.278391507421584	0.150413427145677	0.57114552263852	rs4703134	rs2548279	rs59030588	5.40805402022608	6.30295325289081
GCST90018962	(1.00906e+08,1.00908e+08]	IAV	rs2548279	rs4703134	507	0.0025141659101885	0.00135834911765443	0.291417824070849	0.157446707312061	0.547262953589246	rs4703134	rs2548279	rs59030588	5.40805402022608	5.68181818181818
GCST011096	(1.00906e+08,1.00908e+08]	IAV	rs12153670	rs4703134	285	4.48145241535738e-06	2.34637603701286e-06	0.297178473108687	0.155595191779513	0.547219507283348	rs4703134	rs12153670	rs72778635	5.40805402022608	6.17333333333333
GCST90002316	(1.0085e+08,1.00852e+08]	IAV	rs2548276	rs2059198	681	1.62144196708561e-21	4.35093770627091e-06	3.72663279734956e-16	0.999995527718941	1.21343351773745e-07	rs2059198	rs2548276	rs2059198	10.129546798559	6.91662404092072
GCST90002340	(1.0085e+08,1.00852e+08]	IAV	rs2548257	rs2059198	680	1.07349811195517e-20	2.88059857073488e-05	3.72654173915874e-16	0.999971093386788	1.00627502168666e-07	rs2059198	rs2548257	rs2059198	10.129546798559	6.56612410986775
GCST90002388	(1.0085e+08,1.00852e+08]	IAV	rs10679885	rs2059198	653	5.46944574787579e-20	0.000146765769113192	3.72608910338645e-16	0.99984963422516	3.60000572680129e-06	rs2059198	rs10679885	rs2059198	10.129546798559	6.46266539564966
GCST90002407	(1.0085e+08,1.00852e+08]	IAV	rs2548279	rs2059198	653	4.30510726440464e-20	0.00011552219510003	3.72617505309401e-16	0.999872697759406	1.17800454955574e-05	rs2059198	rs2548279	rs2059198	10.129546798559	6.30295325289081
GCST90018962	(1.0085e+08,1.00852e+08]	IAV	rs2548279	rs201296977	507	1.592032117926e-18	0.00854143449880021	1.84532983196051e-16	0.990040572102656	0.00141799339854146	rs201296977	rs2548279	rs201296977	10.129546798559	5.68181818181818
GCST011096	(1.0085e+08,1.00852e+08]	IAV	rs12153670	rs201296977	285	2.81067932144437e-21	1.50796162030404e-05	1.86384527097201e-16	0.999974317015522	1.06033682750867e-05	rs201296977	rs12153670	rs2059198	10.129546798559	6.17333333333333
GCST90002316	(1.00818e+08,1.0082e+08]	IAV	rs2548276	rs13436424	681	6.16439016436941e-09	3.48176323023627e-06	0.0014167894398027	0.800229259498322	0.198350463134253	rs13436424	rs2548276	rs13436424	-6.38643357773462	6.91662404092072
GCST90002340	(1.00818e+08,1.0082e+08]	IAV	rs2548257	rs13436424	680	1.08081653554701e-08	6.10465459001353e-06	0.000375194691749685	0.211917001804494	0.787701688041	rs13436424	rs2548257	rs13436424	-6.38643357773462	6.56612410986775
GCST90002388	(1.00818e+08,1.0082e+08]	IAV	rs10679885	rs13436424	653	2.37562702635499e-07	0.000137756434814304	0.00161840858921574	0.938473063531712	0.0597705338815557	rs13436424	rs10679885	rs13436424	-6.38643357773462	6.46266539564966
GCST90002407	(1.00818e+08,1.0082e+08]	IAV	rs2548279	rs13436424	653	1.86511963653271e-07	0.0001081534385577	0.00161430641186243	0.936094317537916	0.0621830360997012	rs13436424	rs2548279	rs13436424	-6.38643357773462	6.30295325289081
GCST90018962	(1.00818e+08,1.0082e+08]	IAV	rs2548279	rs13436424	507	1.19887221546273e-05	0.00695194797544838	0.00138961685445394	0.805802649637795	0.185843796810148	rs13436424	rs2548279	rs13436424	-6.38643357773462	5.68181818181818
GCST011096	(1.00818e+08,1.0082e+08]	IAV	rs12153670	rs13436424	285	4.1717344472304e-09	2.27886893437069e-06	0.000276640151080122	0.151118594500818	0.848602482307432	rs13436424	rs12153670	rs13436424	-6.38643357773462	6.17333333333333
GCST90002316	(1.00908e+08,1.0091e+08]	IAV	rs2548276	rs3756352	681	4.25741031336579e-06	5.01338648931034e-08	0.97849970752148	0.0115224910271899	0.00997349390715186	rs3756352	rs2548276	rs1423380	5.04485915772211	6.91662404092072
GCST90002340	(1.00908e+08,1.0091e+08]	IAV	rs2548257	rs3756352	680	2.77771305575132e-05	3.27063753871774e-07	0.964255411945777	0.0113536923502293	0.0243627915096813	rs3756352	rs2548257	rs3756352	5.04485915772211	6.56612410986775
GCST90002388	(1.00908e+08,1.0091e+08]	IAV	rs10679885	rs3756352	653	0.000143836573043878	1.69252957966242e-06	0.979894329686684	0.0115304480831329	0.00842969312755965	rs3756352	rs10679885	rs1423380	5.04485915772211	6.46266539564966
GCST90002407	(1.00908e+08,1.0091e+08]	IAV	rs2548279	rs3756352	653	0.000112777629033176	1.32705798687666e-06	0.976117810873236	0.0114860096648319	0.012282074774912	rs3756352	rs2548279	rs1423385	5.04485915772211	6.30295325289081
GCST90018962	(1.00908e+08,1.0091e+08]	IAV	rs2548279	rs3756352	507	0.00836408188822597	9.8255302032599e-05	0.969483570809559	0.0113888054108638	0.0106652865893184	rs3756352	rs2548279	rs3756352	5.04485915772211	5.68181818181818
GCST011096	(1.00908e+08,1.0091e+08]	IAV	rs12153670	rs3756352	285	1.47818629614143e-05	1.72803610075228e-07	0.980229411679392	0.0114591226750155	0.00829651097902121	rs3756352	rs12153670	rs3756352	5.04485915772211	6.17333333333333
GCST90002316	(1.00834e+08,1.00836e+08]	IAV	rs2548276	rs32479	681	4.34265303523722e-06	5.13309226328691e-09	0.998091424617123	0.00117976161765254	0.000724465979096511	rs32479	rs2548276	rs28818204	4.39974125198371	6.91662404092072
GCST90002340	(1.00834e+08,1.00836e+08]	IAV	rs2548257	rs32479	680	2.87112409459611e-05	3.39354544812274e-08	0.99668212339283	0.00117803549119699	0.00211109593957213	rs32479	rs2548257	rs72776700	4.39974125198371	6.56612410986775
GCST90002388	(1.00834e+08,1.00836e+08]	IAV	rs10679885	rs32479	653	0.000146502662586484	1.74224566466445e-07	0.998057206971306	0.00118691415653035	0.000609201985010107	rs32479	rs10679885	rs28818204	4.39974125198371	6.46266539564966
GCST90002407	(1.00834e+08,1.00836e+08]	IAV	rs2548279	rs32479	653	0.000115358359490479	1.37186995892614e-07	0.998454660708009	0.00118738681828097	0.000242456927224018	rs32479	rs2548279	rs28818204	4.39974125198371	6.30295325289081
GCST90018962	(1.00834e+08,1.00836e+08]	IAV	rs2548279	rs32479	507	0.00854079035329175	1.00649370883197e-05	0.989965908978128	0.00116663027439912	0.000316605457092856	rs32479	rs2548279	rs10679885	4.39974125198371	5.68181818181818
GCST011096	(1.00834e+08,1.00836e+08]	IAV	rs12153670	rs32479	285	1.50191442924977e-05	1.65171393285947e-08	0.995964244303499	0.00109530076208647	0.00292541927298311	rs32479	rs12153670	rs72776700	4.39974125198371	6.17333333333333
GCST90002316	(1.00832e+08,1.00834e+08]	IAV	rs2548276	rs73777435	681	4.34458873891169e-06	5.3092678766661e-09	0.998536316074581	0.0012202528490527	0.00023908117836002	rs73777435	rs2548276	rs59030588	-4.3235211702698	6.91662404092072
GCST90002340	(1.00832e+08,1.00834e+08]	IAV	rs2548257	rs73777435	680	2.87690326408819e-05	3.51547349596194e-08	0.998688304502054	0.0012203615981912	6.25297123780086e-05	rs73777435	rs2548257	rs2548257	-4.3235211702698	6.56612410986775
GCST90002388	(1.00832e+08,1.00834e+08]	IAV	rs10679885	rs73777435	653	0.000146555293502089	1.78037853951901e-07	0.998415757892512	0.00121289238102075	0.000224616395111236	rs73777435	rs10679885	rs59030588	-4.3235211702698	6.46266539564966
GCST90002407	(1.00832e+08,1.00834e+08]	IAV	rs2548279	rs73777435	653	0.000115367149327933	1.40149967920476e-07	0.998530738889185	0.00121303206188388	0.000140721749634524	rs73777435	rs2548279	rs59030588	-4.3235211702698	6.30295325289081
GCST90018962	(1.00832e+08,1.00834e+08]	IAV	rs2548279	rs73777435	507	0.00854239079549317	1.00272028381866e-05	0.990151416776956	0.00116225648465749	0.000133908740054807	rs73777435	rs2548279	rs59030588	-4.3235211702698	5.68181818181818
GCST011096	(1.00832e+08,1.00834e+08]	IAV	rs12153670	rs1895467	285	1.50773614324519e-05	6.81976040329177e-10	0.999824796454193	4.52238648495325e-05	0.000114901637548473	rs1895467	rs12153670	rs12153670	-3.23356736669743	6.17333333333333
GCST90002316	(1.00888e+08,1.0089e+08]	IAV	rs2548276	rs10478650	681	4.3113829434059e-06	3.94814478746816e-08	0.990904479159912	0.00907419824596577	1.69717297307811e-05	rs10478650	rs2548276	rs2548276	-4.73670516321433	6.91662404092072
GCST90002340	(1.00888e+08,1.0089e+08]	IAV	rs2548257	rs10478650	680	2.85440487354793e-05	2.6138966050371e-07	0.990878212385591	0.00907388163242791	1.91005435840586e-05	rs10478650	rs2548257	rs2548257	-4.73670516321433	6.56612410986775
GCST90002388	(1.00888e+08,1.0089e+08]	IAV	rs10679885	rs10478650	653	0.000145433297060435	1.33053705264873e-06	0.990772097258507	0.00906435467515485	1.67842322253539e-05	rs10478650	rs10679885	rs10679885	-4.73670516321433	6.46266539564966
GCST90002407	(1.00888e+08,1.0089e+08]	IAV	rs2548279	rs10478650	653	0.000114474370470537	1.04730068401319e-06	0.990803520722369	0.0090646421614722	1.63154450039347e-05	rs10478650	rs2548279	rs2548279	-4.73670516321433	6.30295325289081
GCST90018962	(1.00888e+08,1.0089e+08]	IAV	rs2548279	rs10045370	507	0.00851196379747906	4.1453214220707e-05	0.986624613108851	0.00480485613140602	1.71137480433478e-05	rs10045370	rs2548279	rs2548279	-4.70079399915324	5.68181818181818
GCST011096	(1.00888e+08,1.0089e+08]	IAV	rs12153670	rs72776666	285	1.50792499010311e-05	1.61866079676895e-10	0.999950026436993	1.07338224191839e-05	2.41603288209035e-05	rs72776666	rs12153670	rs12153670	-3.16746267833182	6.17333333333333
GCST90002316	(1.00848e+08,1.0085e+08]	R848	rs2548276	rs59030588	681	3.83788212506488e-22	5.31184716344426e-08	8.82077662349864e-17	0.0122084565810146	0.98779149030051	rs59030588	rs2548276	rs59030588	-9.75127358649715	6.91662404092072
GCST90002340	(1.00848e+08,1.0085e+08]	R848	rs2548257	rs59030588	680	1.47861830417923e-20	2.04649183818756e-06	5.13287612287681e-16	0.0710419251689576	0.928956028339204	rs59030588	rs2548257	rs3776168	-9.75127358649715	6.56612410986775
GCST90002388	(1.00848e+08,1.0085e+08]	R848	rs10679885	rs59030588	653	1.01169469588532e-20	1.60820830576115e-06	6.89222410471152e-17	0.0109560049048837	0.989042386886809	rs59030588	rs10679885	rs59030588	-9.75127358649715	6.46266539564966
GCST90002407	(1.00848e+08,1.0085e+08]	R848	rs2548279	rs59030588	653	1.40850591579432e-20	2.23898664459433e-06	1.21909613006912e-16	0.0193789740113521	0.980618787002006	rs59030588	rs2548279	rs59030588	-9.75127358649715	6.30295325289081
GCST90018962	(1.00848e+08,1.0085e+08]	R848	rs2548279	rs59030588	507	1.01894065728484e-18	0.00016197266179094	1.18105757460137e-16	0.0187743062089887	0.981063721129221	rs59030588	rs2548279	rs59030588	-9.75127358649715	5.68181818181818
GCST011096	(1.00848e+08,1.0085e+08]	R848	rs12153670	rs59030588	285	8.4090834089678e-20	1.33670313285543e-05	5.576313962761e-15	0.886407707153784	0.113578925814878	rs59030588	rs12153670	rs59030588	-9.75127358649715	6.17333333333333
GCST90002316	(1.00904e+08,1.00906e+08]	R848	rs2548276	rs1428439	681	5.23334255009576e-14	3.38976314278616e-06	1.2028025907092e-08	0.779084466763817	0.220912131444961	rs1428439	rs2548276	rs1428439	8.0425083984588	6.91662404092072
GCST90002340	(1.00904e+08,1.00906e+08]	R848	rs2548257	rs1428439	680	2.2063680404882e-13	1.42911819577382e-05	7.65918682413901e-09	0.496104142842196	0.503881558316439	rs1428439	rs2548257	rs3756353	8.0425083984588	6.56612410986775
GCST90002388	(1.00904e+08,1.00906e+08]	R848	rs10679885	rs1428439	653	1.85515963229428e-12	0.000120163211399407	1.2638373995425e-08	0.818618290157	0.181261533991372	rs1428439	rs10679885	rs1428439	8.0425083984588	6.46266539564966
GCST90002407	(1.00904e+08,1.00906e+08]	R848	rs2548279	rs1428439	653	1.61480085003686e-12	0.000104594587189757	1.39764941349363e-08	0.905291593307225	0.0946037981274745	rs1428439	rs2548279	rs3756353	8.0425083984588	6.30295325289081
GCST90018962	(1.00904e+08,1.00906e+08]	R848	rs2548279	rs1428439	507	9.85206756884327e-11	0.00638142431074684	1.14195649613912e-08	0.739673058000869	0.253945506170299	rs1428439	rs2548279	rs1428439	8.0425083984588	5.68181818181818
GCST011096	(1.00904e+08,1.00906e+08]	R848	rs12153670	rs1428439	285	1.8935651350115e-13	1.22650819796013e-05	1.25567950610424e-08	0.813334159871943	0.186653562489094	rs1428439	rs12153670	rs3756354	8.0425083984588	6.17333333333333
GCST90002316	(1.00854e+08,1.00856e+08]	R848	rs2548276	rs59030588	681	4.79996035104781e-18	4.12178567697056e-08	1.10319641611002e-12	0.00947328489039479	0.990526673890648	rs59030588	rs2548276	rs59030588	-8.72569222031796	6.91662404092072
GCST90002340	(1.00854e+08,1.00856e+08]	R848	rs2548257	rs59030588	680	7.56666396625787e-16	6.49758849607221e-06	2.62669200648077e-11	0.22555731085908	0.774436191526156	rs59030588	rs2548257	rs59030588	-8.72569222031796	6.56612410986775
GCST90002388	(1.00854e+08,1.00856e+08]	R848	rs10679885	rs10679885	653	2.01917501980602e-17	6.99786220704193e-07	1.37557375755146e-13	0.00476733097257352	0.995231969241072	rs10679885	rs10679885	rs10679885	-8.87391061285134	6.46266539564966
GCST90002407	(1.00854e+08,1.00856e+08]	R848	rs2548279	rs10679885	653	9.29503145194118e-17	3.22138242959513e-06	8.04507581037872e-13	0.0278818484846571	0.972114930132107	rs10679885	rs2548279	rs10679885	-8.87391061285134	6.30295325289081
GCST90018962	(1.00854e+08,1.00856e+08]	R848	rs2548279	rs10679885	507	3.50104514807333e-15	0.000121335848980557	4.05807331525244e-13	0.0140640794421764	0.985814584708432	rs10679885	rs2548279	rs10679885	-8.87391061285134	5.68181818181818
GCST011096	(1.00854e+08,1.00856e+08]	R848	rs12153670	rs10679885	285	3.98967789075823e-16	1.38133912254308e-05	2.64567437937744e-11	0.916007162936499	0.0839790236458149	rs10679885	rs12153670	rs10679885	-8.87391061285134	6.17333333333333
GCST90002316	(1.00852e+08,1.00854e+08]	R848	rs2548276	rs2548276	681	7.87448087211231e-15	3.35484822541276e-08	1.80982725720742e-09	0.00771059814704617	0.992289366494638	rs2548276	rs2548276	rs2548276	7.82610666638824	6.91662404092072
GCST90002340	(1.00852e+08,1.00854e+08]	R848	rs2548257	rs2548276	680	2.01111999721623e-12	8.5681868599703e-06	6.98140269518801e-08	0.297436070049876	0.702555291947225	rs2548276	rs2548257	rs2548276	7.82610666638824	6.56612410986775
GCST90002388	(1.00852e+08,1.00854e+08]	R848	rs10679885	rs2548276	653	2.83442877928539e-13	1.54265422429977e-06	1.93096973179084e-09	0.0105094142266406	0.989489041187881	rs2548276	rs10679885	rs2548276	7.82610666638824	6.46266539564966
GCST90002407	(1.00852e+08,1.00854e+08]	R848	rs2548279	rs2548276	653	6.17771099720609e-13	3.36225486983159e-06	5.34695913231726e-09	0.0291011337201674	0.970895498677386	rs2548276	rs2548279	rs2548276	7.82610666638824	6.30295325289081
GCST90018962	(1.00852e+08,1.00854e+08]	R848	rs2548279	rs2548276	507	2.19951075783319e-11	0.000119709642611874	2.54946038553246e-09	0.0138755853099749	0.986004702475957	rs2548276	rs2548279	rs2548276	7.82610666638824	5.68181818181818
GCST011096	(1.00852e+08,1.00854e+08]	R848	rs12153670	rs2548276	285	2.39368952747399e-12	1.30276988597126e-05	1.58732690418235e-07	0.863905559274005	0.13608125429205	rs2548276	rs12153670	rs2548276	7.82610666638824	6.17333333333333
GCST90002316	(1.0085e+08,1.00852e+08]	R848	rs2548276	rs3776171	681	1.09766917064368e-09	3.17241656866368e-07	0.000252282228719707	0.0729130728797337	0.926834326552221	rs3776171	rs2548276	rs2548276	-6.2233915166296	6.91662404092072
GCST90002340	(1.0085e+08,1.00852e+08]	R848	rs2548257	rs3776171	680	2.01301140492898e-08	5.81788292564831e-06	0.000698796852861505	0.201962009197019	0.797333355937078	rs3776171	rs2548257	rs17780273	-6.2233915166296	6.56612410986775
GCST90002388	(1.0085e+08,1.00852e+08]	R848	rs10679885	rs3776171	653	2.45548026812437e-08	7.84003931447209e-06	0.000167280903630721	0.0534106862128061	0.946414168289446	rs3776171	rs10679885	rs2548276	-6.2233915166296	6.46266539564966
GCST90002407	(1.0085e+08,1.00852e+08]	R848	rs2548279	rs3776171	653	4.9893118641613e-08	1.59302445533663e-05	0.000431837077650951	0.137880141420005	0.861672041364672	rs3776171	rs2548279	rs67138278	-6.2233915166296	6.30295325289081
GCST90018962	(1.0085e+08,1.00852e+08]	R848	rs2548279	rs3776171	507	1.92302667553927e-06	0.000613998037438672	0.000222898674723434	0.0711687209380443	0.927992459323119	rs3776171	rs2548279	rs67138278	-6.2233915166296	5.68181818181818
GCST011096	(1.0085e+08,1.00852e+08]	R848	rs12153670	rs3776171	285	4.23109826477159e-09	1.28640524969245e-06	0.00028057674284094	0.085305368097301	0.914412764523509	rs3776171	rs12153670	rs17780091	-6.2233915166296	6.17333333333333
GCST90002316	(1.00906e+08,1.00908e+08]	R848	rs2548276	rs3756352	681	3.8790252727054e-06	4.56402895292354e-08	0.891533776506017	0.0104897124468716	0.09797258638155	rs3756352	rs2548276	rs59030588	4.72990104606959	6.91662404092072
GCST90002340	(1.00906e+08,1.00908e+08]	R848	rs2548257	rs3756352	680	2.74661108824746e-05	3.23103856049498e-07	0.953458673806945	0.0112162284427182	0.0352973085355989	rs3756352	rs2548257	rs3909452	4.72990104606959	6.56612410986775
GCST90002388	(1.00906e+08,1.00908e+08]	R848	rs10679885	rs3756352	653	0.000132559111900484	1.5537965558133e-06	0.903066023826655	0.010585321954686	0.0862145413102027	rs3756352	rs10679885	rs59030588	4.72990104606959	6.46266539564966
GCST90002407	(1.00906e+08,1.00908e+08]	R848	rs2548279	rs3756352	653	0.000105757121075867	1.23963602444604e-06	0.915353606861723	0.0107293513158173	0.0738100450653585	rs3756352	rs2548279	rs59030588	4.72990104606959	6.30295325289081
GCST90018962	(1.00906e+08,1.00908e+08]	R848	rs2548279	rs3756352	507	0.00789840115376464	9.20517609160969e-05	0.915506358805176	0.0106697508542894	0.0658334374258533	rs3756352	rs2548279	rs59030588	4.72990104606959	5.68181818181818
GCST011096	(1.00906e+08,1.00908e+08]	R848	rs12153670	rs3756352	285	1.48380693162727e-05	1.71671107186736e-07	0.98395662267433	0.0113840230314179	0.00464434455382847	rs3756352	rs12153670	rs3756352	4.72990104606959	6.17333333333333
GCST90002316	(1.00894e+08,1.00896e+08]	R848	rs2548276	rs13436424	681	2.98828561975144e-06	7.86027871261439e-07	0.686811086950595	0.180656311119094	0.132528827616819	rs13436424	rs2548276	rs59030588	-4.75452754372927	6.91662404092072
GCST90002340	(1.00894e+08,1.00896e+08]	R848	rs2548257	rs13436424	680	1.18613915575815e-05	3.11996675025529e-06	0.411756389988681	0.108306537199567	0.479922091453444	rs13436424	rs2548257	rs13436424	-4.75452754372927	6.56612410986775
GCST90002388	(1.00894e+08,1.00896e+08]	R848	rs10679885	rs13436424	653	0.000104748399080656	2.80216776948092e-05	0.713604058625489	0.190899174670097	0.0953639966276378	rs13436424	rs10679885	rs59030588	-4.75452754372927	6.46266539564966
GCST90002407	(1.00894e+08,1.00896e+08]	R848	rs2548279	rs13436424	653	8.48541670429719e-05	2.26996893585819e-05	0.734433455353914	0.196471332782526	0.0689876580071591	rs13436424	rs2548279	rs59030588	-4.75452754372927	6.30295325289081
GCST90018962	(1.00894e+08,1.00896e+08]	R848	rs2548279	rs13436424	507	0.00603712222074661	0.00161347068198592	0.699764885877338	0.187017934433449	0.10556658678648	rs13436424	rs2548279	rs59030588	-4.75452754372927	5.68181818181818
GCST011096	(1.00894e+08,1.00896e+08]	R848	rs12153670	rs13436424	285	4.6628008227566e-06	1.15617515750116e-06	0.309204226774375	0.076669422345075	0.614120531904569	rs13436424	rs12153670	rs13436424	-4.75452754372927	6.17333333333333
GCST90002316	(1.0081e+08,1.00812e+08]	R848	rs2548276	rs2548257	681	1.91616248204402e-11	1.19785011784479e-07	4.40400217558879e-06	0.0275307265143319	0.97246474967932	rs2548257	rs2548276	rs2548276	6.40921647835065	6.91662404092072
GCST90002340	(1.0081e+08,1.00812e+08]	R848	rs2548257	rs2548257	680	9.74401841874901e-11	6.09127551190344e-07	3.38253891089434e-06	0.021145256043796	0.978850752192301	rs2548257	rs2548257	rs2548257	6.40921647835065	6.56612410986775
GCST90002388	(1.0081e+08,1.00812e+08]	R848	rs10679885	rs10679885	653	2.0379096019868e-10	1.80599545552901e-06	1.38833679163904e-06	0.01230344041757	0.987693365046391	rs10679885	rs10679885	rs10679885	6.52945277901722	6.46266539564966
GCST90002407	(1.0081e+08,1.00812e+08]	R848	rs2548279	rs10679885	653	2.87905561118469e-10	2.55141903494919e-06	2.49189266050733e-06	0.0220831523447107	0.977911804055687	rs10679885	rs2548279	rs2548279	6.52945277901722	6.30295325289081
GCST90018962	(1.0081e+08,1.00812e+08]	R848	rs2548279	rs10679885	507	1.41722929890259e-08	0.000125594846489168	1.64271529107115e-06	0.0145577412890949	0.985315006976831	rs10679885	rs2548279	rs10679885	6.52945277901722	5.68181818181818
GCST011096	(1.0081e+08,1.00812e+08]	R848	rs12153670	rs10679885	285	5.17231111313317e-10	4.53492773502839e-06	3.42991373461104e-05	0.300724581016554	0.699236584401132	rs10679885	rs12153670	rs17780091	6.52945277901722	6.17333333333333
GCST90002316	(1.0082e+08,1.00822e+08]	R848	rs2548276	rs12719316	681	1.85193404266651e-06	2.03876739864868e-06	0.425638307261402	0.468579055445778	0.105778746591378	rs12719316	rs2548276	rs12719316	-5.33198895278868	6.91662404092072
GCST90002340	(1.0082e+08,1.00822e+08]	R848	rs2548257	rs12719316	680	4.9450549133049e-06	5.44393845635111e-06	0.171662654378588	0.188980899519746	0.639346057108297	rs12719316	rs2548257	rs12719316	-5.33198895278868	6.56612410986775
GCST90002388	(1.0082e+08,1.00822e+08]	R848	rs10679885	rs12719316	653	6.65943240385264e-05	7.41184530597e-05	0.453677386312335	0.504935916793523	0.0412459841170436	rs12719316	rs10679885	rs10679885	-5.33198895278868	6.46266539564966
GCST90002407	(1.0082e+08,1.00822e+08]	R848	rs2548279	rs12719316	653	5.25581479759406e-05	5.84964061112155e-05	0.454903554770908	0.506300623330488	0.0386847673445167	rs12719316	rs2548279	rs12719316	-5.33198895278868	6.30295325289081
GCST90018962	(1.0082e+08,1.00822e+08]	R848	rs2548279	rs12719316	507	0.00360901836520853	0.00401651100327394	0.418322543774348	0.465555153773824	0.108496773083346	rs12719316	rs2548279	rs12719316	-5.33198895278868	5.68181818181818
GCST011096	(1.0082e+08,1.00822e+08]	R848	rs12153670	rs12719316	285	1.61323468099833e-06	1.70858370928689e-06	0.106978402274708	0.113301280666117	0.779716995240786	rs12719316	rs12153670	rs17724185	-5.33198895278868	6.17333333333333
GCST90002316	(1.00818e+08,1.0082e+08]	R848	rs2548276	rs12719316	681	7.23906678416358e-07	2.82793693343511e-06	0.166378718743521	0.649957429183711	0.183660300229155	rs12719316	rs2548276	rs12719316	-5.64690731046081	6.91662404092072
GCST90002340	(1.00818e+08,1.0082e+08]	R848	rs2548257	rs12719316	680	1.32661527836957e-06	5.18241401688404e-06	0.0460521276338894	0.179902339169891	0.774039024166924	rs12719316	rs2548257	rs12719316	-5.64690731046081	6.56612410986775
GCST90002388	(1.00818e+08,1.0082e+08]	R848	rs10679885	rs12719316	653	2.75628454226622e-05	0.000108900844624587	0.187773355330554	0.741892815488385	0.0701973654910138	rs12719316	rs10679885	rs10679885	-5.64690731046081	6.46266539564966
GCST90002407	(1.00818e+08,1.0082e+08]	R848	rs2548279	rs12719316	653	2.16407708423308e-05	8.55027188564237e-05	0.187306135457158	0.740046829050557	0.0725398920025859	rs12719316	rs2548279	rs12719316	-5.64690731046081	6.30295325289081
GCST90018962	(1.00818e+08,1.0082e+08]	R848	rs2548279	rs12719316	507	0.00139188774127982	0.0054992639022788	0.161334180560996	0.63742154561045	0.194353122184996	rs12719316	rs2548279	rs12719316	-5.64690731046081	5.68181818181818
GCST011096	(1.00818e+08,1.0082e+08]	R848	rs12153670	rs12719316	285	3.81837462314887e-07	1.42077170741728e-06	0.0253207807445579	0.0942156085824728	0.880461808063799	rs12719316	rs12153670	rs3776167	-5.64690731046081	6.17333333333333
