condition	featureID	P_perm	E0	V0	obs	a_0	b_0	P_param	FDR
NS	(1.00796e+08,1.00798e+08]	0.97	0.00443441322327633	1.7917487593132e-05	0.0120593776768431	1.08817537036862	244.305141755957	0.939220608255605	0.994120895655551
NS	(1.00798e+08,1.008e+08]	0.16	0.00453712522708279	1.71777796232194e-05	0.00062002391259969	1.18840554607159	260.740786749044	0.0961110181276517	0.405039290680818
NS	(1.008e+08,1.00802e+08]	0.65	0.00447155170536177	1.55740650701947e-05	0.00529724345712319	1.27363836341995	283.557768571391	0.687980536308849	0.97951279247245
NS	(1.00802e+08,1.00804e+08]	0.06	0.00393741218413509	1.34811254650371e-05	0.000287864246788237	1.14152868419933	288.776983987363	0.0523856208216593	0.237750125267531
NS	(1.00804e+08,1.00806e+08]	0.04	0.00356156506852835	1.04940233162856e-05	0.000208680797663618	1.20089241879338	335.980205128751	0.0359155479078681	0.182537403663925
NS	(1.00806e+08,1.00808e+08]	0.48	0.00494104623615225	1.87786583927122e-05	0.00362774749057287	1.28872472070774	259.53148604326	0.486875522066272	0.955821825598158
NS	(1.00808e+08,1.0081e+08]	0.02	0.00248859894905774	9.0225478313553e-06	2.54264402603461e-05	0.682208522200007	273.451364691078	0.0371262515926628	0.182537403663925
NS	(1.0081e+08,1.00812e+08]	0	0.00446160724834646	1.56640116431389e-05	1.43796886369601e-13	1.26067577946869	281.300228687396	6.93504432935504e-14	1.02291903857987e-12
NS	(1.00812e+08,1.00814e+08]	0.5	0.00501032029299571	2.41437438560466e-05	0.00382190644891803	1.0295240902205	204.451169760779	0.529069190370406	0.955821825598158
NS	(1.00814e+08,1.00816e+08]	0.17	0.00403826577713807	1.34725652684383e-05	0.000761487542003171	1.20150320153963	296.327997789141	0.134401605954912	0.512042206701792
NS	(1.00816e+08,1.00818e+08]	0.04	0.00380726577772839	1.04620137291815e-05	0.000271846755036949	1.37643230571949	360.151337510431	0.0315687191397359	0.182537403663925
NS	(1.00818e+08,1.0082e+08]	0.65	0.00299623876489361	1.75310866308672e-05	0.00199445825090319	0.50755672071743	168.890398697382	0.58248103685507	0.955821825598158
NS	(1.0082e+08,1.00822e+08]	0.52	0.00241019218879795	8.24418177960765e-06	0.000842852738954826	0.700512871838559	289.945550580857	0.371795464327087	0.843689707511467
NS	(1.00822e+08,1.00824e+08]	0.75	0.00275252453326693	6.34480799172321e-06	0.00475494324399711	1.18806950083747	430.44096285782	0.829155368290584	0.97951279247245
NS	(1.00824e+08,1.00826e+08]	0.27	0.00338245599060422	9.15895450196751e-06	0.00155441079002107	1.24155328619368	365.81519176606	0.325486500238412	0.795512350114335
NS	(1.00826e+08,1.00828e+08]	0.3	0.00402770567886436	1.17464096278399e-05	0.00166565936250193	1.37146271584999	339.135720578804	0.273825673215156	0.769319748556866
NS	(1.00828e+08,1.0083e+08]	0.53	0.00387301860892553	9.84707152654814e-06	0.00359054670755282	1.5135503866917	389.27992093918	0.572083570769539	0.955821825598158
NS	(1.0083e+08,1.00832e+08]	0.85	0.00373892809300667	1.06995185515336e-05	0.00665301904021636	1.29793783062495	345.843755814841	0.843241814296445	0.97951279247245
NS	(1.00832e+08,1.00834e+08]	0.65	0.0031044102658868	5.68956397717131e-06	0.00404980649009684	1.68550385717809	541.252997441912	0.730490050661473	0.97951279247245
NS	(1.00834e+08,1.00836e+08]	0.64	0.0040345644643986	9.61064387830228e-06	0.00486873143528294	1.68284897327418	415.425115993901	0.693676301922369	0.97951279247245
NS	(1.00836e+08,1.00838e+08]	0.3	0.00334653132681999	6.53458384449183e-06	0.00188122161204517	1.70476426389599	507.707548787997	0.337081504285735	0.795512350114335
NS	(1.00838e+08,1.0084e+08]	0.68	0.00307582427405557	5.33832937630881e-06	0.00428066561957949	1.76369330231898	571.641399178305	0.76137790153561	0.97951279247245
NS	(1.0084e+08,1.00842e+08]	0.92	0.00357280571717443	1.14499401597156e-05	0.00964426173795972	1.10729186799864	308.814924914152	0.938840234199249	0.994120895655551
NS	(1.00842e+08,1.00844e+08]	0.86	0.00353588727696397	1.30538537561557e-05	0.00614586825002071	0.95084062417725	267.960623372965	0.822230381834242	0.97951279247245
NS	(1.00844e+08,1.00846e+08]	0.48	0.00370391770810316	6.7174267601388e-06	0.00327725056148597	2.03103241895099	546.316036552816	0.526192668475188	0.955821825598158
NS	(1.00846e+08,1.00848e+08]	0.91	0.0037127499466494	8.980769734712e-06	0.00782209058285733	1.52548064051003	409.350733063758	0.904336905522383	0.994120895655551
NS	(1.00848e+08,1.0085e+08]	0	0.00346387138630768	8.48149265874305e-06	1.00319863524231e-21	1.40629317613774	404.582561287878	1.0973543186318e-26	6.47439047992761e-25
NS	(1.0085e+08,1.00852e+08]	0	0.00376945471310808	1.11381816528594e-05	2.57756924949588e-11	1.26710490245813	334.88361155312	5.29538866321916e-11	6.24855862259861e-10
NS	(1.00852e+08,1.00854e+08]	0	0.00407085426307598	1.64200118469706e-05	4.64242792003951e-19	1.00106805676581	244.909984531346	1.09276550331256e-16	3.22365823477206e-15
NS	(1.00854e+08,1.00856e+08]	0	0.00475158060051946	2.72241609766235e-05	2.78033894110958e-14	0.820626998560284	171.885482305483	5.47044901159399e-10	5.37927486140075e-09
NS	(1.00856e+08,1.00858e+08]	0.84	0.00316170885593445	1.10043538805359e-05	0.00518531156935885	0.90237052705079	284.503581813267	0.803145166653117	0.97951279247245
NS	(1.00858e+08,1.0086e+08]	0.99	0.0042211841915877	1.35602017340442e-05	0.0167848255244757	1.30425354176596	307.673863159509	0.989417242485388	0.994120895655551
NS	(1.0086e+08,1.00862e+08]	0.17	0.00516753042187283	1.92595078895489e-05	0.00121533998730572	1.37417094141622	264.549941590114	0.143674582173093	0.512042206701792
NS	(1.00862e+08,1.00864e+08]	0.51	0.00417061126410938	1.36298354134644e-05	0.0032585954145636	1.26667780220234	302.448466570726	0.514283651357609	0.955821825598158
NS	(1.00864e+08,1.00866e+08]	1	0.00308119606238077	8.20413391959485e-06	0.0146260625076533	1.15054660955242	372.258540724999	0.994120895655551	0.994120895655551
NS	(1.00866e+08,1.00868e+08]	0.87	0.00410441081197022	1.29824225522795e-05	0.00778958875548565	1.28818478785065	312.565580554974	0.863299410314702	0.97951279247245
NS	(1.00868e+08,1.0087e+08]	0.24	0.00449557317577478	1.68912156361334e-05	0.000910451167628574	1.1866159653454	262.7654806749	0.147537584981872	0.512042206701792
NS	(1.0087e+08,1.00872e+08]	0.23	0.00258657734123537	6.45943688592912e-06	0.00106605499135193	1.03048755414505	397.36763405504	0.331072104831161	0.795512350114335
NS	(1.00872e+08,1.00874e+08]	0.09	0.00482636360915549	1.64979566407992e-05	0.000393629013897499	1.40027863896372	288.730915850285	0.0359096464401103	0.182537403663925
NS	(1.00874e+08,1.00876e+08]	0.85	0.00298755918960223	6.66943534508803e-06	0.00546390411140827	1.3312849784058	444.278289231588	0.853555170928512	0.97951279247245
NS	(1.00876e+08,1.00878e+08]	0.72	0.00328404943570779	1.02807517450453e-05	0.00341020260885947	1.042316754181	316.345339731068	0.643125008379472	0.97951279247245
NS	(1.00878e+08,1.0088e+08]	0.35	0.00292911877028735	6.43507692700833e-06	0.00127892613025201	1.32644204484815	451.520352118444	0.296880881918913	0.795512350114335
NS	(1.0088e+08,1.00882e+08]	0.67	0.00291958779975004	1.11044400598475e-05	0.00270945188123503	0.762459515415501	260.390678431242	0.626365487418339	0.97951279247245
NS	(1.00882e+08,1.00884e+08]	0.25	0.00403073262260803	1.58055370767712e-05	0.00116809535345849	1.01974459797951	251.97262514142	0.246559388648006	0.727350196511618
NS	(1.00884e+08,1.00886e+08]	0.56	0.00484269784875249	1.95848867448194e-05	0.00407762256487249	1.18679824205131	243.882846637206	0.551226663229669	0.955821825598158
NS	(1.00886e+08,1.00888e+08]	0.48	0.00383729205710983	1.13960592294064e-05	0.0026882050334807	1.28330123877645	333.145566743456	0.468962111375343	0.955821825598158
NS	(1.00888e+08,1.0089e+08]	0.99	0.00391770387620672	1.0353158403191e-05	0.0162140096374914	1.47275951535907	374.451394503411	0.993764136738879	0.994120895655551
NS	(1.0089e+08,1.00892e+08]	0.37	0.00360986405598361	2.09067577161054e-05	0.00212068861726446	0.617437077449833	170.424205453766	0.521877586220859	0.955821825598158
NS	(1.00892e+08,1.00894e+08]	0.62	0.00400783393997186	1.89174154414782e-05	0.00334976966107114	0.841686768149576	209.168703072375	0.58321331731413	0.955821825598158
NS	(1.00894e+08,1.00896e+08]	0.65	0.00392606156319758	1.27190796994035e-05	0.00480853355857957	1.20319297592567	305.259901542066	0.702474847034667	0.97951279247245
NS	(1.00896e+08,1.00898e+08]	0.94	0.00346296812194071	9.77865135474808e-06	0.0109915453322018	1.21865032266408	350.690544261873	0.968038536679768	0.994120895655551
NS	(1.00898e+08,1.009e+08]	0.79	0.00343669106358064	1.20863079547227e-05	0.00529298510695456	0.970413659557993	281.398190793044	0.784811714889668	0.97951279247245
NS	(1.009e+08,1.00902e+08]	0.6	0.0038189720816851	1.11240655098198e-05	0.00415039512196254	1.30225476212482	339.693891392001	0.651144000336247	0.97951279247245
NS	(1.00902e+08,1.00904e+08]	0.78	0.00400394638902554	1.99237387135324e-05	0.00650817310746768	0.797421795142252	198.361537307785	0.798037156258297	0.97951279247245
NS	(1.00904e+08,1.00906e+08]	0	0.00396862782310015	1.2535362139696e-05	2.8736937963507e-14	1.24749109932854	313.090651688282	1.46878161726441e-14	2.88860384728667e-13
NS	(1.00906e+08,1.00908e+08]	0	0.00388901633128051	1.06436360160818e-05	5.29030260281966e-07	1.41156983408719	361.551635728594	4.5093531477656e-06	3.80074051025958e-05
NS	(1.00908e+08,1.0091e+08]	0.11	0.00341296363049952	7.38237659667431e-06	0.000322669537421463	1.56905699858863	458.165405029354	0.032637606337975	0.182537403663925
NS	(1.0091e+08,1.00912e+08]	0.22	0.00385168616155676	1.2151601532875e-05	0.00116079820255529	1.2123126696161	313.536246472107	0.21819067009147	0.677539449231406
NS	(1.00912e+08,1.00914e+08]	0.22	0.00412122601345073	1.33158266866018e-05	0.00119188051913769	1.26613463364366	305.9566746739	0.200082811766572	0.655826994123763
LPS	(1.00796e+08,1.00798e+08]	0.69	0.00521403050950591	2.37308285776739e-05	0.00594698667135738	1.13441600124032	216.435465719268	0.675359227652029	0.885470987365994
LPS	(1.00798e+08,1.008e+08]	1	0.00437990899106935	1.33566050489298e-05	0.0152757727302546	1.4255927723773	324.058972154449	0.98362335493511	0.992919584879141
LPS	(1.008e+08,1.00802e+08]	0.07	0.00368266873907453	1.21335464043441e-05	0.000317699271310863	1.10993276218516	300.283659989818	0.0666879934213821	0.28104225799011
LPS	(1.00802e+08,1.00804e+08]	0.15	0.00422708408448741	1.13992218076002e-05	0.000597659704978583	1.55664343894938	366.698022859732	0.0596947648878176	0.28104225799011
LPS	(1.00804e+08,1.00806e+08]	0.04	0.00406667573504892	1.74106899901908e-05	8.02274101861815e-05	0.941938190457614	230.681690499545	0.0236697397591299	0.155168293976518
LPS	(1.00806e+08,1.00808e+08]	0.26	0.00447838818723655	1.10984689553045e-05	0.00147860480097021	1.79452131693025	398.912438844462	0.161223126699989	0.447908785326753
LPS	(1.00808e+08,1.0081e+08]	0.4	0.00452354199826356	1.43369163560157e-05	0.00290685332046681	1.41627497790231	311.673551190612	0.420322410461785	0.674679472138047
LPS	(1.0081e+08,1.00812e+08]	0.03	0.00362374143995845	6.8165994303316e-06	5.88916986859544e-05	1.91579619651342	526.763257829864	0.000682882676135484	0.00805801557839871
LPS	(1.00812e+08,1.00814e+08]	0.88	0.00393448504892931	1.20096691852375e-05	0.00839862919281927	1.27996983027987	324.040831840625	0.896353033845506	0.989846465161108
LPS	(1.00814e+08,1.00816e+08]	0.38	0.00321807635271529	6.92601279258377e-06	0.00187447460306788	1.48720495241403	460.653772889577	0.374337598316335	0.674679472138047
LPS	(1.00816e+08,1.00818e+08]	0.94	0.00404023513233077	1.44600742873538e-05	0.00955363235673383	1.12026582468235	276.157117295363	0.912916061124864	0.989846465161108
LPS	(1.00818e+08,1.0082e+08]	0.73	0.00383769388565624	1.44115837595161e-05	0.00554295258852048	1.01418873920375	263.256169820237	0.763876418369122	0.919769564975065
LPS	(1.0082e+08,1.00822e+08]	0.3	0.00444372457794166	1.54653508727032e-05	0.00150503712582011	1.26671652539408	283.790672423051	0.236312364521976	0.536247288722946
LPS	(1.00822e+08,1.00824e+08]	0.17	0.00398483093139369	1.20603251668395e-05	0.000862076862731929	1.3073896710475	326.784239197694	0.139380733322675	0.447908785326753
LPS	(1.00824e+08,1.00826e+08]	0.01	0.00313773548547013	6.59014979275117e-06	5.27358865596282e-05	1.48612913624815	472.144979390887	0.00309733938001643	0.0304571705701615
LPS	(1.00826e+08,1.00828e+08]	0.1	0.00441514422628265	1.64430715741118e-05	0.000926825261264808	1.17586506339067	265.149537488791	0.155074063860821	0.447908785326753
LPS	(1.00828e+08,1.0083e+08]	0.36	0.00427231120471826	1.55220422765896e-05	0.00160717254198479	1.16662142396051	271.899025730234	0.280379822847982	0.570427915449342
LPS	(1.0083e+08,1.00832e+08]	0.36	0.00293680952394077	1.22562451846829e-05	0.00152493832670514	0.698707169376339	237.214975580731	0.468924257544025	0.70939823577173
LPS	(1.00832e+08,1.00834e+08]	0.52	0.00406726156093512	1.82513036218567e-05	0.00349017616646009	0.898626255448743	220.04272260684	0.585497229974296	0.818609384350515
LPS	(1.00834e+08,1.00836e+08]	0.92	0.0036608083183796	1.12014936310088e-05	0.00948085869022368	1.18836389810562	323.429533231136	0.935356568498162	0.989846465161108
LPS	(1.00836e+08,1.00838e+08]	0.05	0.00475694590188499	1.97871791999713e-05	0.000275753562874372	1.13339879485802	237.128464643382	0.0412821517118993	0.221422450091096
LPS	(1.00838e+08,1.0084e+08]	0.22	0.00462359830717229	1.85523961054247e-05	0.00115481283695307	1.14233442622737	245.923770874344	0.191694061407634	0.471247900960434
LPS	(1.0084e+08,1.00842e+08]	0.46	0.00405599568132764	1.27843700072612e-05	0.00242205395178187	1.27753827632172	313.697717294843	0.408772838240374	0.674679472138047
LPS	(1.00842e+08,1.00844e+08]	0.99	0.00355647922377816	7.72612370679474e-06	0.0137217918649253	1.62773505348439	456.053851444073	0.992919584879141	0.992919584879141
LPS	(1.00844e+08,1.00846e+08]	0.49	0.00403527676844559	1.11957546022674e-05	0.00309339774063084	1.44452722856566	356.530231742453	0.491084596912166	0.724349780445445
LPS	(1.00846e+08,1.00848e+08]	0.1	0.00368892492291431	1.25681336855552e-05	0.000420516505424351	1.07506850393534	290.356317713059	0.0947401970332206	0.372644774997334
LPS	(1.00848e+08,1.0085e+08]	0	0.00392024778841268	9.51443272464655e-06	1.2893456226605e-08	1.60501382679179	407.811409169691	2.3469960122701e-09	6.92363823619681e-08
LPS	(1.0085e+08,1.00852e+08]	0.06	0.00420334743115279	1.54534957041427e-05	0.000372024597122476	1.13430050157056	268.722169882909	0.0654249716403552	0.28104225799011
LPS	(1.00852e+08,1.00854e+08]	0	0.00288335623854965	6.60546700224384e-06	5.25612989499901e-11	1.25210311364321	432.999862322658	2.37559367878219e-10	1.40160027048149e-08
LPS	(1.00854e+08,1.00856e+08]	0	0.00271471490896217	8.34843186327416e-06	4.26127464868802e-09	0.877650674086694	322.416213882106	7.50608998826648e-06	0.000110714827326931
LPS	(1.00856e+08,1.00858e+08]	0.06	0.00489168109300142	1.49093229789151e-05	0.000274856350346381	1.59219580191658	323.898319962603	0.0141842459349862	0.104608813770523
LPS	(1.00858e+08,1.0086e+08]	0.63	0.00310167995090917	7.15907808895037e-06	0.00356381596934697	1.33653715894347	429.570964613347	0.674284627301072	0.885470987365994
LPS	(1.0086e+08,1.00862e+08]	0.18	0.00367890209100568	1.23163790682427e-05	0.000952625360613656	1.09116635073474	295.50991835942	0.208584531737416	0.492259494900302
LPS	(1.00862e+08,1.00864e+08]	0.78	0.00358986880237719	7.86833880369656e-06	0.00552628188185747	1.62838037702985	451.976045487097	0.801602006806985	0.945890368032242
LPS	(1.00864e+08,1.00866e+08]	0.01	0.00385214733296596	1.35623100897719e-05	5.02624073681553e-05	1.08607108936021	280.853064536584	0.00934413662252116	0.0787577229612498
LPS	(1.00866e+08,1.00868e+08]	0.79	0.00365823324048156	8.55808596515169e-06	0.00461561382971455	1.55436695676138	423.341164460139	0.714227347506869	0.905337942926262
LPS	(1.00868e+08,1.0087e+08]	0.75	0.00412767309466881	1.25459654658041e-05	0.00556351321298919	1.34828790847229	325.297712767721	0.741247285732219	0.911116455379186
LPS	(1.0087e+08,1.00872e+08]	0.2	0.0041888847688071	1.47464336323361e-05	0.000805438172338338	1.18072502083663	280.690246849529	0.140606776884848	0.447908785326753
LPS	(1.00872e+08,1.00874e+08]	0.07	0.00411010837255735	1.70494411606534e-05	0.000154420207647246	0.982641225737224	238.096511114427	0.0385151651410623	0.221422450091096
LPS	(1.00874e+08,1.00876e+08]	0.25	0.00373182025654763	1.29327292259883e-05	0.00127274437291998	1.06908978263252	285.410351652618	0.27390167019158	0.570427915449342
LPS	(1.00876e+08,1.00878e+08]	0.91	0.00362087459958595	1.41065466838223e-05	0.0079198457823637	0.922421539543613	253.828610061798	0.88351293298284	0.989846465161108
LPS	(1.00878e+08,1.0088e+08]	0.19	0.00419343391706162	1.33224475000905e-05	0.00106552541363955	1.31021572031729	311.134369369359	0.167016835206586	0.447908785326753
LPS	(1.0088e+08,1.00882e+08]	0.2	0.00254717908653683	5.3039102627636e-06	0.000522683885945508	1.2176082480219	476.804629943865	0.144813997279163	0.447908785326753
LPS	(1.00882e+08,1.00884e+08]	0.46	0.00399661107923081	1.35529419079104e-05	0.0022641627047745	1.1698490939454	291.540417367745	0.404852152652313	0.674679472138047
LPS	(1.00884e+08,1.00886e+08]	0.92	0.00374642417022849	1.06898886692129e-05	0.00724340004203118	1.30432242785246	346.846972937326	0.86965586127009	0.989846465161108
LPS	(1.00886e+08,1.00888e+08]	0.33	0.00351029074643644	1.17340060287341e-05	0.00181860422060641	1.0429257513421	296.06230759745	0.395889261698096	0.674679472138047
LPS	(1.00888e+08,1.0089e+08]	0.32	0.00330361943336872	9.01494638002447e-06	0.00157241968787242	1.20334204714612	363.046254922643	0.342499236164089	0.65185338495746
LPS	(1.0089e+08,1.00892e+08]	0.4	0.00322912295438936	6.37204203058729e-06	0.0021940493203789	1.62789072537794	502.499932331078	0.423104075747589	0.674679472138047
LPS	(1.00892e+08,1.00894e+08]	0.67	0.00458781226091296	1.37112444121447e-05	0.00588215378669445	1.52346145454726	330.543625842546	0.721201412161599	0.905337942926262
LPS	(1.00894e+08,1.00896e+08]	0.95	0.00340427409005853	1.43446104269803e-05	0.0102589054188043	0.801750367591052	234.711121504976	0.939515288966476	0.989846465161108
LPS	(1.00896e+08,1.00898e+08]	0.46	0.00475922385578293	1.70616734306114e-05	0.00330117017625652	1.31647191875315	275.298362484026	0.461333621282385	0.70939823577173
LPS	(1.00898e+08,1.009e+08]	0.17	0.00285508393013575	1.52824167086355e-05	0.000531913725411002	0.529013086811551	184.759090435385	0.319168274583505	0.627697606680892
LPS	(1.009e+08,1.00902e+08]	0.2	0.00274849432603293	7.1489180426701e-06	0.000564467392436075	1.05104150320202	381.355243002049	0.174682779850006	0.448099304832624
LPS	(1.00902e+08,1.00904e+08]	0.97	0.00363035932351742	1.22912879395773e-05	0.011510221212965	1.06474120024676	292.223362087321	0.961420903664297	0.992919584879141
LPS	(1.00904e+08,1.00906e+08]	0	0.00547259124570723	2.26869691606262e-05	1.46515715583958e-07	1.30741123652757	237.594267662498	1.26663596867645e-06	2.49105073839702e-05
LPS	(1.00906e+08,1.00908e+08]	0.37	0.00376947033716452	1.15871972722464e-05	0.0013448280871347	1.21786732742669	321.869255926818	0.257695966632989	0.563113408568384
LPS	(1.00908e+08,1.0091e+08]	0.5	0.00355582387215901	1.02078633007865e-05	0.00337024569076901	1.23068131431324	344.872320003916	0.596613619102918	0.818609384350515
LPS	(1.0091e+08,1.00912e+08]	0.54	0.00405680199480407	1.38533737121939e-05	0.00341975311652793	1.17911181591371	289.471459107664	0.552471768052886	0.795020349149275
LPS	(1.00912e+08,1.00914e+08]	0.2	0.00367660187305716	9.06189453224139e-06	0.000917614208421943	1.48251408176279	401.746917047818	0.140023675716628	0.447908785326753
PAM3CSK4	(1.00796e+08,1.00798e+08]	0.73	0.00414415062486676	1.34257462357495e-05	0.00596250592545604	1.26973757803865	305.122981455786	0.766093032380965	0.961691253414403
PAM3CSK4	(1.00798e+08,1.008e+08]	0.57	0.00370671079573367	1.07016819507261e-05	0.00337268976460733	1.27541706373494	342.80782385242	0.576855720830385	0.895644408657704
PAM3CSK4	(1.008e+08,1.00802e+08]	0.07	0.00413887377595233	1.28618415161763e-05	0.000371830675104722	1.32221676986555	318.14071963276	0.0470757902294507	0.308607958170844
PAM3CSK4	(1.00802e+08,1.00804e+08]	0.41	0.004128128441093	1.08608033521187e-05	0.00238433578550881	1.55847222482258	375.966657397827	0.362954796571829	0.66919790617931
PAM3CSK4	(1.00804e+08,1.00806e+08]	0.27	0.00343308564802231	1.14548730002757e-05	0.00111593601965594	1.02194837902208	296.654394071331	0.272132296618739	0.553648465534676
PAM3CSK4	(1.00806e+08,1.00808e+08]	0.26	0.00475505519298143	2.12218090270394e-05	0.000932075131626748	1.05561804716437	220.943497488338	0.165955971902357	0.461698924596256
PAM3CSK4	(1.00808e+08,1.0081e+08]	0.11	0.00269550467099613	7.82737034570488e-06	0.000378102629792602	0.923050979854249	341.517824670023	0.146600167840776	0.461698924596256
PAM3CSK4	(1.0081e+08,1.00812e+08]	0	0.00419243947721863	1.30833790647252e-05	1.13208595756355e-06	1.33360111267892	316.76308696728	2.1359606439487e-05	0.000315054194982433
PAM3CSK4	(1.00812e+08,1.00814e+08]	0.62	0.00352261767020009	1.39382468909017e-05	0.00419384933765048	0.88361360289407	249.956439340995	0.699094957261477	0.91659116618727
PAM3CSK4	(1.00814e+08,1.00816e+08]	0.45	0.00356540960502047	1.02152209766089e-05	0.00217656128787023	1.23642946415939	345.548260412249	0.422244593512759	0.711783743350079
PAM3CSK4	(1.00816e+08,1.00818e+08]	0.47	0.00357673544783657	6.88238800754497e-06	0.00271835848675529	1.84858259396379	514.986565245087	0.457739507667597	0.750184193121895
PAM3CSK4	(1.00818e+08,1.0082e+08]	0	0.00296683430161836	8.72051505805088e-06	3.71344280337006e-06	1.00339475391932	337.200445403918	0.00122156868979824	0.0120120921163493
PAM3CSK4	(1.0082e+08,1.00822e+08]	0	0.00384156972532649	1.80370429049781e-05	4.38099968133399e-06	0.811201420413197	210.352848281757	0.00368760268445087	0.0310812226260859
PAM3CSK4	(1.00822e+08,1.00824e+08]	0.59	0.00380311444392619	1.04767267073553e-05	0.00417035733770384	1.37149976858021	359.253926786905	0.653217852091946	0.91659116618727
PAM3CSK4	(1.00824e+08,1.00826e+08]	0.1	0.00340256525006628	7.71894639008554e-06	0.000525533889877574	1.49136843947774	436.815711622746	0.0736979361240115	0.395288930119698
PAM3CSK4	(1.00826e+08,1.00828e+08]	0.23	0.00378351956918559	9.09225541263327e-06	0.00112185117409325	1.56467870720044	411.986428559105	0.16334254824425	0.461698924596256
PAM3CSK4	(1.00828e+08,1.0083e+08]	0.77	0.0021878130168355	4.48852261610819e-06	0.0027813474236195	1.06187138455777	484.295595815123	0.71848949862621	0.921540878672747
PAM3CSK4	(1.0083e+08,1.00832e+08]	0.11	0.00364555311749313	1.37699059048386e-05	0.000746794344905569	0.95798831811628	261.824719062936	0.193962075576373	0.477877774264188
PAM3CSK4	(1.00832e+08,1.00834e+08]	0.69	0.0040184156238011	1.11927665903376e-05	0.00615008488862601	1.43287173749369	355.1434189296	0.793761779836447	0.964413891328358
PAM3CSK4	(1.00834e+08,1.00836e+08]	0.39	0.00416459559514794	1.1822322515391e-05	0.00213059244659493	1.45676884623727	348.341624048025	0.330280351050982	0.628598087484128
PAM3CSK4	(1.00836e+08,1.00838e+08]	0.11	0.003447897270567	1.34818197542334e-05	0.000466630101976148	0.875291562001732	252.987133363957	0.153031179339405	0.461698924596256
PAM3CSK4	(1.00838e+08,1.0084e+08]	0.92	0.00371835400252095	1.28290760013363e-05	0.00982968212889174	1.06999466650745	286.69030620372	0.933038582200766	0.970002784680808
PAM3CSK4	(1.0084e+08,1.00842e+08]	0.86	0.00398548200845403	1.70844478866661e-05	0.00826521307963227	0.922047438812342	230.429502224814	0.870199897821044	0.964413891328358
PAM3CSK4	(1.00842e+08,1.00844e+08]	0.2	0.00371066179417914	7.53880435329686e-06	0.000856717636351893	1.81593051272483	487.565913872406	0.0927828792739296	0.432317197736244
PAM3CSK4	(1.00844e+08,1.00846e+08]	0.24	0.00348788017873644	8.75558967215699e-06	0.00112168889735998	1.3810992759142	394.589864501441	0.206239130183774	0.484229012515373
PAM3CSK4	(1.00846e+08,1.00848e+08]	0.22	0.0042680145736492	1.53297401657482e-05	0.000993326899530587	1.17893550169736	275.046808659564	0.172158921035892	0.461698924596256
PAM3CSK4	(1.00848e+08,1.0085e+08]	0	0.0047967520862832	1.19660006893845e-05	2.07961536862373e-09	1.90883032479513	396.033421111051	1.32393786980763e-12	7.81123343186504e-11
PAM3CSK4	(1.0085e+08,1.00852e+08]	0.12	0.00363085815290436	9.56145690289414e-06	0.000696651913807856	1.37014146352444	375.990087392689	0.112926679693182	0.44417827345985
PAM3CSK4	(1.00852e+08,1.00854e+08]	0	0.00476068688593001	1.58975793940983e-05	5.9354921305588e-06	1.41408693729652	295.620137572572	0.000101119210530567	0.00119320668426069
PAM3CSK4	(1.00854e+08,1.00856e+08]	0	0.00429205087427301	1.17274639312581e-05	1.32156471433262e-08	1.55978300731722	361.852267084335	3.62755451769185e-09	1.0701285827191e-07
PAM3CSK4	(1.00856e+08,1.00858e+08]	0.34	0.00236486609826991	4.78824128982554e-06	0.000736497342466755	1.16285751819911	490.559493717599	0.234672080887111	0.512801954531094
PAM3CSK4	(1.00858e+08,1.0086e+08]	0.22	0.00445718309267848	1.58673813106299e-05	0.00109318819546969	1.24199503171877	277.408221011439	0.171079435563731	0.461698924596256
PAM3CSK4	(1.0086e+08,1.00862e+08]	0.13	0.00395023374491847	1.2797351769817e-05	0.00058871533387262	1.2105749353989	305.245957404279	0.102583741835719	0.432317197736244
PAM3CSK4	(1.00862e+08,1.00864e+08]	0.31	0.00363894258904347	1.04162935055318e-05	0.00133613407304067	1.26300323045989	345.81673203733	0.257645823008959	0.542896555626022
PAM3CSK4	(1.00864e+08,1.00866e+08]	0.25	0.0034430980163431	8.28330240755859e-06	0.00116952541416546	1.42281248263572	411.81331262393	0.213389056362707	0.484229012515373
PAM3CSK4	(1.00866e+08,1.00868e+08]	0.58	0.00239241020264903	5.17368436860941e-06	0.00261325117511355	1.10125692522311	459.211495463031	0.659987451769809	0.91659116618727
PAM3CSK4	(1.00868e+08,1.0087e+08]	0.16	0.0046343538526232	1.20108959289111e-05	0.000886265545672827	1.77522475475675	381.28243791205	0.071906608379799	0.395288930119698
PAM3CSK4	(1.0087e+08,1.00872e+08]	0.98	0.00427025908402128	1.13385035117217e-05	0.0112648350183775	1.59710896794328	372.410401236633	0.956119128325055	0.972603940882384
PAM3CSK4	(1.00872e+08,1.00874e+08]	0.82	0.00361866845628888	8.71123245431154e-06	0.00652290590878548	1.49414595497242	411.405232095466	0.855581849341756	0.964413891328358
PAM3CSK4	(1.00874e+08,1.00876e+08]	0.86	0.0039734960315112	1.25302152761596e-05	0.00810647662601443	1.25106755038508	313.602034217852	0.88268390053782	0.964413891328358
PAM3CSK4	(1.00876e+08,1.00878e+08]	0.21	0.00425356348248861	1.42795195764036e-05	0.000927477692805436	1.25740256717431	294.354164616642	0.148111356993389	0.461698924596256
PAM3CSK4	(1.00878e+08,1.0088e+08]	0.65	0.00390073203661186	1.34556566205134e-05	0.00467150339810481	1.12249231140975	286.642035186034	0.694827194862889	0.91659116618727
PAM3CSK4	(1.0088e+08,1.00882e+08]	0.95	0.00313798751025314	9.29696291114331e-06	0.00852874351093368	1.05269777877284	334.416380837132	0.937121334352645	0.970002784680808
PAM3CSK4	(1.00882e+08,1.00884e+08]	0.81	0.00490084117279686	1.82951655094735e-05	0.00925233031920823	1.30148442156377	264.261992474592	0.862296335106619	0.964413891328358
PAM3CSK4	(1.00884e+08,1.00886e+08]	0.85	0.00248496982173433	7.16645152365076e-06	0.00460450016209366	0.857038061840854	344.031682253766	0.837083213258018	0.964413891328358
PAM3CSK4	(1.00886e+08,1.00888e+08]	0.16	0.00341973069527552	1.2974887647194e-05	0.000640711117431559	0.894820478087829	260.769198657704	0.194390959022721	0.477877774264188
PAM3CSK4	(1.00888e+08,1.0089e+08]	0.39	0.00488691914574379	1.95803372211381e-05	0.00223625997226834	1.20884444663752	246.154455535592	0.329063668820168	0.628598087484128
PAM3CSK4	(1.0089e+08,1.00892e+08]	0.93	0.00312167761317979	6.46728002050362e-06	0.00719885524711844	1.49897050701605	478.682102864356	0.92563491334146	0.970002784680808
PAM3CSK4	(1.00892e+08,1.00894e+08]	0.68	0.00505249755144098	2.06620907303854e-05	0.00595743921680342	1.22419158223722	241.070152902518	0.686726203108902	0.91659116618727
PAM3CSK4	(1.00894e+08,1.00896e+08]	0.65	0.00426044261916941	1.34286581665041e-05	0.00451760273410265	1.34166989615344	313.571595246002	0.63931134519218	0.91659116618727
PAM3CSK4	(1.00896e+08,1.00898e+08]	0.39	0.00361701699267697	1.16972722356757e-05	0.0019671086005599	1.11078734238531	305.98960633401	0.40018387624447	0.694436726424227
PAM3CSK4	(1.00898e+08,1.009e+08]	0.83	0.0028786141368971	6.50328815873661e-06	0.00491272631184338	1.26764265811537	439.097963091942	0.828101016704024	0.964413891328358
PAM3CSK4	(1.009e+08,1.00902e+08]	1	0.00218275550617937	5.45409639426723e-06	0.0123364466616301	0.869459710745914	397.461781825229	0.994773159686975	0.994773159686975
PAM3CSK4	(1.00902e+08,1.00904e+08]	0.62	0.00282660226181163	5.89359075887976e-06	0.0033303568909172	1.3489972728412	475.901477994449	0.6849045462108	0.91659116618727
PAM3CSK4	(1.00904e+08,1.00906e+08]	0	0.00439059157240614	1.92045256866555e-05	3.30938130176416e-11	0.994991321977444	225.623974612075	8.21766183508194e-09	1.61614016089945e-07
PAM3CSK4	(1.00906e+08,1.00908e+08]	0.04	0.00230070253807247	5.7679705583074e-06	0.000202661473551807	0.913281990303843	396.04459291559	0.0995041157844072	0.432317197736244
PAM3CSK4	(1.00908e+08,1.0091e+08]	0.6	0.00353397170543641	1.02196228807606e-05	0.00303370930625353	1.21420376116794	342.366295001767	0.557083863091634	0.888322916821795
PAM3CSK4	(1.0091e+08,1.00912e+08]	0.04	0.00449307987450133	1.49562526673028e-05	9.52667045578015e-05	1.33922997409947	296.72579702436	0.00694868677510753	0.051246564966418
PAM3CSK4	(1.00912e+08,1.00914e+08]	0.36	0.00458062605446601	1.28507628883604e-05	0.00279963145243286	1.62069438040279	352.194343374676	0.378852344296225	0.677342070105373
IAV	(1.00796e+08,1.00798e+08]	0.03	0.00431536241597287	1.94638791039228e-05	0.000128165537968138	0.948320568011957	218.806239211683	0.0339798620854445	0.11793010959066
IAV	(1.00798e+08,1.008e+08]	0.08	0.00416022712854537	2.35779927187306e-05	0.000275511275029783	0.726838669947272	173.984456528354	0.117810388304299	0.267338958075141
IAV	(1.008e+08,1.00802e+08]	0.24	0.00473539604266486	1.61843639025074e-05	0.00156654350956584	1.37423688915962	288.831033541878	0.213770715682064	0.420415740841393
IAV	(1.00802e+08,1.00804e+08]	0.04	0.00378740148976276	1.61613676703132e-05	9.96543419774164e-05	0.880425017669149	231.581071353633	0.0375024451432834	0.122924681302984
IAV	(1.00804e+08,1.00806e+08]	0.33	0.00393321409156945	1.40010993569602e-05	0.00152187799553763	1.09664647572137	277.720232084728	0.300811957255557	0.521997219943466
IAV	(1.00806e+08,1.00808e+08]	0.36	0.00433882993527453	1.23383749880311e-05	0.00226842765271428	1.51480488390118	347.612703338044	0.330759528781251	0.542078116613717
IAV	(1.00808e+08,1.0081e+08]	0.09	0.00291789932004063	8.2146884439651e-06	0.000297810799403554	1.03051058757476	352.138147596426	0.0916654192697481	0.235141727691962
IAV	(1.0081e+08,1.00812e+08]	0	0.00228523787152539	7.87283984596071e-06	4.00838460845433e-18	0.659531591372375	287.945693969737	1.55927037365089e-10	1.31424217207718e-09
IAV	(1.00812e+08,1.00814e+08]	0.08	0.00149044407262878	6.29842056214623e-06	9.32760783915803e-05	0.350679215639637	234.934375809017	0.292107917845177	0.521997219943466
IAV	(1.00814e+08,1.00816e+08]	0.01	0.00279841607179999	1.6916584576763e-05	6.22214681955019e-05	0.458832459143784	163.502654100164	0.137028361075587	0.299432344572579
IAV	(1.00816e+08,1.00818e+08]	0.54	0.00326794379606555	8.58983253277917e-06	0.00325402323683668	1.23593628393534	376.964045436481	0.61686192408721	0.727897070422908
IAV	(1.00818e+08,1.0082e+08]	0	0.00342068304361787	8.78029293461193e-06	1.28539881649323e-09	1.32467245820976	385.929113209323	3.76218238774279e-09	2.77460951096031e-08
IAV	(1.0082e+08,1.00822e+08]	0.09	0.00356890205101411	9.35396162784769e-06	0.000439997134315206	1.35324706839183	377.824171938472	0.0666184972750438	0.20607440096931
IAV	(1.00822e+08,1.00824e+08]	0.08	0.00281425397443862	1.21618413622051e-05	0.000105900185208611	0.64657231787607	229.102527709618	0.0993945843846533	0.244345019945606
IAV	(1.00824e+08,1.00826e+08]	0.31	0.00330248347912151	1.75231451318658e-05	0.00110810793125275	0.617041573009035	186.224641938811	0.390408784031766	0.575852956446855
IAV	(1.00826e+08,1.00828e+08]	0	0.00305916059406563	6.95111801671838e-06	0.000130888913265234	1.33914715426939	436.410723469443	0.0175360942219123	0.0646643474433017
IAV	(1.00828e+08,1.0083e+08]	0.93	0.00334306903929046	7.1334435377095e-06	0.00638397609582375	1.55813954917284	464.52243816559	0.877037340604723	0.892158674063425
IAV	(1.0083e+08,1.00832e+08]	0.6	0.00486600189403348	2.66006480285511e-05	0.00392819228990463	0.880930364382847	180.156887451309	0.566645552390548	0.696501824813382
IAV	(1.00832e+08,1.00834e+08]	0.01	0.00489234742956365	1.90053677177156e-05	2.48175091555274e-05	1.2483306935324	253.911531009857	0.00157728371404459	0.00664712422347364
IAV	(1.00834e+08,1.00836e+08]	0.01	0.00383370571761082	9.71799261598079e-06	1.80853860003643e-05	1.50274846475316	390.480511452671	0.000438112790948983	0.00215405455549917
IAV	(1.00836e+08,1.00838e+08]	0.65	0.00441856024281243	1.70710537536004e-05	0.00543640680402114	1.13419938141743	255.555608857003	0.705008040277386	0.773491857188438
IAV	(1.00838e+08,1.0084e+08]	0.61	0.00220676329433082	8.90140732124644e-06	0.00130354828643632	0.543668462566492	245.820979691215	0.543961127231418	0.688522068494752
IAV	(1.0084e+08,1.00842e+08]	0.44	0.00264677213049142	5.47875612361505e-06	0.00202147353141522	1.27261732950984	479.546005040356	0.504824736248295	0.661881320858876
IAV	(1.00842e+08,1.00844e+08]	0.17	0.00399051484002343	1.28440690919527e-05	0.000817268531258024	1.23087226764825	307.218617833992	0.142228915002945	0.299696642327635
IAV	(1.00844e+08,1.00846e+08]	0.33	0.00470471219736848	1.8253481402686e-05	0.00239131908657755	1.20219827707645	254.328475363042	0.363435931020296	0.56428210342625
IAV	(1.00846e+08,1.00848e+08]	0	0.00451447555500371	1.48188698380004e-05	6.00174452936358e-05	1.36458333937331	300.903824750875	0.00340958855586395	0.0134110483197316
IAV	(1.00848e+08,1.0085e+08]	0	0.00338927443231507	9.21135767095216e-06	2.85926165950882e-27	1.23945118156062	364.45863739547	1.67461741679166e-30	9.88024275907079e-29
IAV	(1.0085e+08,1.00852e+08]	0	0.00376555672314284	1.07421624314984e-05	1.54164686454095e-19	1.31124193126011	346.908696757039	3.92718041503116e-22	7.72345481622794e-21
IAV	(1.00852e+08,1.00854e+08]	0	0.00474800412400787	2.62756447809038e-05	1.73406097192825e-22	0.849141843785672	177.992708670214	2.86444505768157e-17	4.22505646008032e-16
IAV	(1.00854e+08,1.00856e+08]	0	0.00283811683570105	5.03734364479325e-06	9.11368399750133e-21	1.5916622730144	559.224669525829	2.10710590695631e-28	6.2159624255211e-27
IAV	(1.00856e+08,1.00858e+08]	0.11	0.00435675943021719	1.51824493793836e-05	0.000744515508143107	1.24041311089994	283.469617536375	0.114941663721697	0.267338958075141
IAV	(1.00858e+08,1.0086e+08]	0.1	0.00352548489533546	1.04235794483153e-05	0.000427450850694214	1.18466763078585	334.845032100244	0.0847593195920066	0.235141727691962
IAV	(1.0086e+08,1.00862e+08]	0.61	0.00364306718932858	1.37987047136709e-05	0.00331393919999194	0.954677895285196	261.098654000892	0.600505856882491	0.723058072572796
IAV	(1.00862e+08,1.00864e+08]	0.62	0.00377729167118412	1.03110516287479e-05	0.00396363810789345	1.37474729911489	362.575780959648	0.633770847241569	0.733185882102992
IAV	(1.00864e+08,1.00866e+08]	0.28	0.00384016060405646	1.21264402528162e-05	0.00120699944108074	1.20757909762624	313.252992252083	0.228568357900064	0.43501719729367
IAV	(1.00866e+08,1.00868e+08]	0.35	0.00440908362353536	2.44592141205638e-05	0.00184678973184733	0.786879861195429	177.681012422617	0.389987812569302	0.575852956446855
IAV	(1.00868e+08,1.0087e+08]	0.35	0.0038932265464971	9.52005327694339e-06	0.00215576435835167	1.58204353655103	404.775900871916	0.344234221040388	0.548914028145484
IAV	(1.0087e+08,1.00872e+08]	0.91	0.00439992634140644	1.31458943563728e-05	0.0106883560134899	1.46177434566452	330.765229526693	0.935440931625686	0.935440931625686
IAV	(1.00872e+08,1.00874e+08]	0.87	0.00360482322936553	1.24524935834381e-05	0.00662488922998453	1.03617942959514	286.406328473216	0.842304991928012	0.887428473638441
IAV	(1.00874e+08,1.00876e+08]	0.12	0.00364413164763437	1.05626544651892e-05	0.000408218351100487	1.24900524265313	341.4952651143	0.0698557291421388	0.20607440096931
IAV	(1.00876e+08,1.00878e+08]	0.67	0.00354219349900765	1.32401691733034e-05	0.0043493270850516	0.940757704900868	264.645440554574	0.707941699799587	0.773491857188438
IAV	(1.00878e+08,1.0088e+08]	0.83	0.00372064418057118	1.14379420152963e-05	0.00708765681088745	1.20206335997486	321.877301834879	0.860496021057493	0.890688863901615
IAV	(1.0088e+08,1.00882e+08]	0.23	0.00205458207841412	7.25323316618584e-06	0.000739312355760922	0.578739444205997	281.103579449917	0.419532296209376	0.603717206740321
IAV	(1.00882e+08,1.00884e+08]	0.13	0.00222741648433062	4.57735448336445e-06	0.000532425485430284	1.07925603508546	483.453404416066	0.195780611843664	0.398312279268144
IAV	(1.00884e+08,1.00886e+08]	0.74	0.00350898634950654	1.18972086059687e-05	0.00494748673545882	1.02780680463995	291.879233082958	0.755654860258209	0.810611577367897
IAV	(1.00886e+08,1.00888e+08]	0.59	0.00296092224969201	2.08087394504851e-05	0.00145529700836631	0.417107866867424	140.453820746949	0.54848368168226	0.688522068494752
IAV	(1.00888e+08,1.0089e+08]	0	0.00317945686162362	9.41026030448441e-06	4.25592020640988e-06	1.06765223656209	334.729398337943	0.000886752367029626	0.00402449151190369
IAV	(1.0089e+08,1.00892e+08]	0.31	0.00452677866735359	1.59215741961519e-05	0.00164859135958891	1.27668846725245	280.753550046444	0.253109462450753	0.466670571393575
IAV	(1.00892e+08,1.00894e+08]	0.39	0.00394408087948659	1.30560275621521e-05	0.00259670221370519	1.18281970921181	298.714607689838	0.456774563380315	0.626737191614851
IAV	(1.00894e+08,1.00896e+08]	0.41	0.00391350506393979	1.3412934173033e-05	0.00239732734252779	1.13346511144328	288.495676265519	0.437284244666987	0.614280248460768
IAV	(1.00896e+08,1.00898e+08]	0.08	0.00396810183885286	1.43723542662358e-05	0.000438778466060353	1.08724846903503	272.909869848206	0.0899722596020235	0.235141727691962
IAV	(1.00898e+08,1.009e+08]	0.52	0.00494130508907547	2.4092295703863e-05	0.00331757071002606	1.00350749224026	202.082008206613	0.487376075202297	0.653527009930353
IAV	(1.009e+08,1.00902e+08]	0.65	0.00430628584622022	1.53734874393025e-05	0.00493443230003481	1.1967381535769	276.708212031585	0.675772000084908	0.766741307788646
IAV	(1.00902e+08,1.00904e+08]	0.41	0.00190649341828921	5.1063442667424e-06	0.00054701638027236	0.708540628855948	370.937446741903	0.326765337593362	0.542078116613717
IAV	(1.00904e+08,1.00906e+08]	0	0.00259429123192054	6.00900496066896e-06	5.05868236221683e-18	1.11454349776283	428.499327161524	4.30088995340577e-17	5.07505014501881e-16
IAV	(1.00906e+08,1.00908e+08]	0	0.00363460561796239	9.51890266072332e-06	1.90966204215005e-07	1.37912389353538	378.063390232256	1.58620465687312e-06	9.35860747555141e-06
IAV	(1.00908e+08,1.0091e+08]	0	0.0046379366210984	2.20249484448807e-05	1.06085382312127e-06	0.967472941314385	207.632389530558	0.000293526427835262	0.0015743690220255
IAV	(1.0091e+08,1.00912e+08]	0	0.00358880654519056	9.78975185215964e-06	9.56609855614234e-09	1.30730348800546	362.965184188268	6.22691970699378e-08	4.08209180791814e-07
IAV	(1.00912e+08,1.00914e+08]	0	0.00470435195750342	1.93294994088791e-05	1.73970917288104e-13	1.13483967878934	240.097042850593	1.56403553149898e-12	1.53796827264067e-11
R848	(1.00796e+08,1.00798e+08]	0.8	0.00395610867616202	1.21876701457457e-05	0.00631360451651139	1.27511359225144	321.039993658159	0.804867041032256	0.969125620834757
R848	(1.00798e+08,1.008e+08]	0.97	0.00410387434631754	1.53423524628538e-05	0.013038867249885	1.08912274282335	264.299788055733	0.962839076109206	0.995151953040699
R848	(1.008e+08,1.00802e+08]	0.49	0.00388089975197915	8.84427054236205e-06	0.00358767729892171	1.69246376722182	434.408408552067	0.562696728213321	0.846633271618615
R848	(1.00802e+08,1.00804e+08]	0.04	0.00385297301303977	9.96194598314639e-06	0.000148353290467435	1.48061623959457	382.798285944165	0.0105574518604486	0.0444921185547476
R848	(1.00804e+08,1.00806e+08]	0.91	0.00339999209849216	1.02991839246567e-05	0.0061849213842589	1.11519761991733	326.884864619022	0.842616030590046	0.994002203037738
R848	(1.00806e+08,1.00808e+08]	0.05	0.00230373861017218	6.40374068175828e-06	0.000314567135300198	0.824554408666611	357.095569439493	0.167102681255025	0.410794091418603
R848	(1.00808e+08,1.0081e+08]	0.21	0.0026270259100072	7.76349103107096e-06	0.000985658563711547	0.883976088847046	335.609122620112	0.338385255890611	0.688438968880898
R848	(1.0081e+08,1.00812e+08]	0	0.0042797237156407	1.67227340087101e-05	3.60005507103149e-11	1.0863103378736	252.740901428989	1.77080110338872e-09	2.08954530199869e-08
R848	(1.00812e+08,1.00814e+08]	0.72	0.00255124699166151	1.34202420021042e-05	0.00234199492203715	0.481214656697444	188.138177456354	0.664984258771668	0.912420262035544
R848	(1.00814e+08,1.00816e+08]	0.18	0.00511369125751443	2.25939681402636e-05	0.000861446859115291	1.14634920876464	223.026200723755	0.127458849095031	0.395793268242465
R848	(1.00816e+08,1.00818e+08]	0.31	0.00505561759031824	2.11758880380906e-05	0.00195978035042598	1.19584095320427	235.341225357817	0.283179985649773	0.636125611361814
R848	(1.00818e+08,1.0082e+08]	0	0.00400355920867164	1.48056169131836e-05	6.1090429916617e-08	1.07425717365192	267.251279595006	6.96757986603089e-06	5.13859015119778e-05
R848	(1.0082e+08,1.00822e+08]	0	0.00430388034584206	1.23384939280542e-05	2.82507865293141e-07	1.49050283608098	344.825546010616	7.95665829089401e-07	6.70632627375353e-06
R848	(1.00822e+08,1.00824e+08]	0	0.003031043557482	8.22252217355085e-06	1.2766643706886e-05	1.1109067452058	365.398753752272	0.00243929999560641	0.0130835181582525
R848	(1.00824e+08,1.00826e+08]	0.16	0.00385805891768653	1.08979011588824e-05	0.00086837861011012	1.35669684615978	350.296006004038	0.138859908312569	0.409636729522079
R848	(1.00826e+08,1.00828e+08]	0.49	0.00556800935560753	2.02859376464722e-05	0.00428564639251657	1.514209150608	270.433816418539	0.487004887613484	0.83071023459282
R848	(1.00828e+08,1.0083e+08]	0.32	0.00337465576311344	1.29543980556673e-05	0.00156729744658058	0.872765622881054	257.750834573853	0.39711957546063	0.753509421659947
R848	(1.0083e+08,1.00832e+08]	0.77	0.00390123249943871	1.28299896211231e-05	0.00566842827102608	1.17772402251971	300.707391178677	0.768241790718976	0.954067294324287
R848	(1.00832e+08,1.00834e+08]	0.07	0.00416934634372106	1.39059691971615e-05	0.000358639379517514	1.24068968284066	296.333457571467	0.0518939979516668	0.191359117446771
R848	(1.00834e+08,1.00836e+08]	0.19	0.00467415268853177	2.1796061764297e-05	0.000776363291888305	0.993009928476569	211.45403548212	0.15387072293723	0.410794091418603
R848	(1.00836e+08,1.00838e+08]	0.39	0.00318805751828102	8.65428436270723e-06	0.00182352411781926	1.16748161553843	365.03720849555	0.408683076154547	0.753509421659947
R848	(1.00838e+08,1.0084e+08]	0.03	0.00465787004698784	1.19465481432566e-05	0.000270390600117801	1.80295191948251	385.273523227874	0.00945189038161173	0.0428970409626994
R848	(1.0084e+08,1.00842e+08]	0.27	0.00325944375331408	9.42939181043066e-06	0.00110414964418602	1.11975522671359	342.422060942094	0.262480044410073	0.619452904807771
R848	(1.00842e+08,1.00844e+08]	0.89	0.00483115107630992	1.7067297573078e-05	0.0121744078235997	1.35609089627443	279.341174590655	0.938173778626659	0.995151953040699
R848	(1.00844e+08,1.00846e+08]	0.56	0.00435787404728925	1.45561006538848e-05	0.00373400749447726	1.29463737111235	295.785396852837	0.550160614383848	0.846633271618615
R848	(1.00846e+08,1.00848e+08]	0.86	0.00481225687826817	1.89619680795176e-05	0.0102724623781538	1.21058768500535	250.352808789584	0.892917233237291	0.994002203037738
R848	(1.00848e+08,1.0085e+08]	0	0.00460404662575609	1.50513039390638e-05	1.54571157811877e-20	1.39724474413102	302.084639282523	4.91709687245058e-25	1.45054357737292e-23
R848	(1.0085e+08,1.00852e+08]	0	0.0032857158780759	8.52646461503843e-06	1.22407401328402e-09	1.25872110201002	381.830124287481	9.455099279428e-09	9.29751429143753e-08
R848	(1.00852e+08,1.00854e+08]	0	0.00503154241880717	2.33383953156016e-05	8.49956820111437e-16	1.07426453320991	212.431742927735	1.9766042067989e-14	2.91549120502838e-13
R848	(1.00854e+08,1.00856e+08]	0	0.00284038105006597	4.17040562055608e-06	2.53467577938148e-18	1.92619235967211	676.219565452427	1.93425212556871e-29	1.14120875408554e-27
R848	(1.00856e+08,1.00858e+08]	0.75	0.00425650528522986	9.4545216624498e-06	0.00608011802942829	1.9039012225519	445.388206967345	0.776190341145183	0.954067294324287
R848	(1.00858e+08,1.0086e+08]	0.3	0.00478049187643525	2.15806412406382e-05	0.00179452325671886	1.0491202359016	218.409517707421	0.301890120646285	0.636125611361814
R848	(1.0086e+08,1.00862e+08]	0.86	0.00410604104546075	1.22815964285609e-05	0.00824987593422353	1.36300832927698	330.588941051207	0.883699646141931	0.994002203037738
R848	(1.00862e+08,1.00864e+08]	0.03	0.00332324748965809	9.11817537103032e-06	0.000144190979412165	1.20385599300028	361.049029699886	0.0251023821350302	0.0987360363977854
R848	(1.00864e+08,1.00866e+08]	0.65	0.00446777260910758	1.6426601263457e-05	0.00492301956666822	1.20526579273917	268.563564940104	0.659632761239114	0.912420262035544
R848	(1.00866e+08,1.00868e+08]	0.87	0.00483491711870361	1.91707728130544e-05	0.00986798920782029	1.20864774741538	248.774489034762	0.880741582721444	0.994002203037738
R848	(1.00868e+08,1.0087e+08]	0.53	0.0040612936906215	1.39354114937905e-05	0.0033025861014132	1.17474272213471	288.078586788969	0.538590489893761	0.846633271618615
R848	(1.0087e+08,1.00872e+08]	0.48	0.00538233037331178	1.83579167195252e-05	0.00430454556813163	1.56416160940248	289.046317665217	0.500639681062518	0.83071023459282
R848	(1.00872e+08,1.00874e+08]	0.98	0.00538439709434445	2.19113753311791e-05	0.0186183135461119	1.31062742944935	242.101477302942	0.980029786366382	0.995151953040699
R848	(1.00874e+08,1.00876e+08]	0.95	0.00399203163061012	1.59890147010131e-05	0.0125678763510758	0.988733196089871	246.687960672881	0.956812514419499	0.995151953040699
R848	(1.00876e+08,1.00878e+08]	0.13	0.00401280703649128	2.16496121561193e-05	0.000413695158323766	0.736785849695396	182.871806089883	0.15776017010389	0.410794091418603
R848	(1.00878e+08,1.0088e+08]	0.29	0.00397685128966226	1.24957436483364e-05	0.00170110672126204	1.25664847390519	314.734164954754	0.301270371619844	0.636125611361814
R848	(1.0088e+08,1.00882e+08]	0.52	0.00475274159830552	1.60710954396504e-05	0.00374499658644805	1.3941061744364	291.932628637622	0.506874041446466	0.83071023459282
R848	(1.00882e+08,1.00884e+08]	0.48	0.00294658833845485	7.59258376407777e-06	0.00259900805374317	1.13721856456508	384.806942594173	0.573988658724485	0.846633271618615
R848	(1.00884e+08,1.00886e+08]	0.66	0.0033487718039253	9.83395252035968e-06	0.00419707574543358	1.13319510836618	337.258064349175	0.71227389439019	0.951214247761442
R848	(1.00886e+08,1.00888e+08]	0	0.00385046668196697	1.21885480656382e-05	5.04463917715161e-05	1.20786123266952	312.484304531636	0.00596343854332853	0.0293202395046986
R848	(1.00888e+08,1.0089e+08]	0.06	0.00319889797925273	1.35543659759416e-05	0.000350886369425757	0.749341954332991	233.500690148297	0.161178445032816	0.410794091418603
R848	(1.0089e+08,1.00892e+08]	0.09	0.00474385500592796	2.02940560513359e-05	0.000369853428389502	1.09889968411883	230.548079986556	0.0611599069804439	0.212260853638011
R848	(1.00892e+08,1.00894e+08]	0.98	0.00317580482065152	6.16712574225494e-06	0.0107385576638706	1.62703352594721	510.694603927018	0.985526437307582	0.995151953040699
R848	(1.00894e+08,1.00896e+08]	0	0.00355932500750705	1.08263652072918e-05	4.00217252615918e-06	1.16245548330984	325.431907452944	0.000409684553491256	0.00241713886559841
R848	(1.00896e+08,1.00898e+08]	0.27	0.00307444803187868	1.59633700237519e-05	0.000892718567134629	0.587225112438573	190.414576300267	0.372176539851666	0.73194719504161
R848	(1.00898e+08,1.009e+08]	0.57	0.00426903476639718	1.46072915590565e-05	0.00400666343483643	1.23804587799005	288.767996643628	0.591981731494513	0.85187615019942
R848	(1.009e+08,1.00902e+08]	1	0.00383633894622221	1.14524768341371e-05	0.0178378814312991	1.27632649548509	331.417555191361	0.995151953040699	0.995151953040699
R848	(1.00902e+08,1.00904e+08]	0.63	0.00238067237592738	4.33195831227898e-06	0.00321393369502886	1.30282770057407	545.949164529798	0.741624667746209	0.951214247761442
R848	(1.00904e+08,1.00906e+08]	0	0.00516725031700774	2.00580346291239e-05	1.04455748049962e-13	1.31911542680067	253.964709794298	9.48459283191088e-15	1.86530325694247e-13
R848	(1.00906e+08,1.00908e+08]	0	0.00390688507679303	9.6111186282592e-06	4.46000330082081e-06	1.57802315556941	402.330237402923	3.30013686695669e-05	0.000216342305722716
R848	(1.00908e+08,1.0091e+08]	0.47	0.00399113034159501	1.17538702413504e-05	0.00263003048891394	1.3458235160747	335.857775687068	0.438051856690216	0.783183622567357
R848	(1.0091e+08,1.00912e+08]	0.63	0.00378683998889927	1.40317792393556e-05	0.00494623936820949	1.01432019957307	266.839669550838	0.728559769514497	0.951214247761442
R848	(1.00912e+08,1.00914e+08]	0.11	0.00337446807413262	7.10716975308988e-06	0.000522640749248602	1.59340877930377	470.602132650835	0.0648803767773591	0.212663457214677
