snps	condition	gene	statistic	pvalue	FDR	beta	POS_b37	effect_allele	ref_allele	is_CS_ID	hm_variant_id	Freq_effect	credible_set	PIP	pred_score	round
rs3836752	IAV	(1.0081e+08,1.00812e+08]	9.63435633537143	4.00838460845433e-18	5.88243126052092e-15	0.0134725367687534	100157360	C	CAT			0.949748743718593	L1	0.444716038596674	1.60252779427607	1
rs3836752	NS	(1.0081e+08,1.00812e+08]	7.87199363644133	2.54389085368558e-13	1.03482802148083e-10	0.0126769926866404	100157360	C	CAT			0.949748743718593	L1	0.0604481794667915	1.60252779427607	1
rs3836752	R848	(1.0081e+08,1.00812e+08]	6.52945277901722	6.24522331521671e-10	1.5615053072143e-07	0.0122699579367544	100157360	C	CAT			0.949748743718593	L1	0.11568636203838	1.60252779427607	1
rs3836752	IAV	(1.00848e+08,1.0085e+08]	-10.4794580865403	1.50047708140209e-20	1.07774030060262e-16	-0.00310252842369737	100157360	C	CAT			0.949748743718593	L2	0.0504035722970241	1.60252779427607	1
rs3836752	NS	(1.00848e+08,1.0085e+08]	-9.69602408469282	2.49093673045511e-18	1.20327812435547e-14	-0.00269425464881202	100157360	C	CAT			0.949748743718593	L1	0.0310200896317728	1.60252779427607	1
rs3836752	R848	(1.00848e+08,1.0085e+08]	-9.63160190423409	4.90229762654819e-18	3.15748819629924e-14	-0.00210124985298133	100157360	C	CAT			0.949748743718593	L1	0.0941896960819951	1.60252779427607	1
rs3836752	PAM3CSK4	(1.00848e+08,1.0085e+08]	-6.09563948809085	6.00283960836597e-09	1.44987335415814e-05	-0.00303635979867773	100157360	C	CAT			0.949748743718593	L1	0.119160047241953	1.60252779427607	1
rs3836752	LPS	(1.00848e+08,1.0085e+08]	-5.09199494512261	9.28209214712136e-07	0.000459880065417314	-0.00268175264346771	100157360	C	CAT			0.949748743718593	L1	0.00224153277631933	1.60252779427607	1
rs3836752	IAV	(1.00852e+08,1.00854e+08]	-10.0953705922099	1.93333271611736e-19	5.8197430592144e-16	-0.00253308006586362	100157360	C	CAT			0.949748743718593	L2	0.116236123871768	1.60252779427607	1
rs3836752	NS	(1.00852e+08,1.00854e+08]	-9.71941645829113	2.13621076181703e-18	1.12573452123299e-14	-0.00325481169378492	100157360	C	CAT			0.949748743718593	L1	0.253547512929461	1.60252779427607	1
rs3836752	R848	(1.00852e+08,1.00854e+08]	-7.41123495279224	4.40169365499252e-12	2.10004260860725e-09	-0.00176629138558566	100157360	C	CAT			0.949748743718593	L1	0.0372799493553698	1.60252779427607	1
rs3836752	R848	(1.00854e+08,1.00856e+08]	-8.87391061285134	6.18260518593383e-16	1.55821811354617e-12	-0.00273175861639536	100157360	C	CAT			0.949748743718593	L1	0.276277686025551	1.60252779427607	1
rs3836752	IAV	(1.00906e+08,1.00908e+08]	4.28774113974744	2.87516889031274e-05	0.00137400125844356	0.00016158165413387	100157360	C	CAT			0.949748743718593	L1	0.00132100396301189	1.60252779427607	1
rs199603747	IAV	(1.0081e+08,1.00812e+08]	-7.26805420263451	9.34374107021241e-12	1.93440468031263e-09	-0.0177553128287781	100184190	CT	C			0.2	L2	0.30326693417826	1.56712612581838	2
rs199603747	IAV	(1.00848e+08,1.0085e+08]	12.7500557609084	2.8592616595089e-27	1.10496166831721e-22	0.00563168326965171	100184190	CT	C			0.2	L1	0.32882212710444	1.56712612581838	2
rs199603747	IAV	(1.00852e+08,1.00854e+08]	11.1417911808492	1.73406097192825e-22	2.87197655400717e-18	0.00436057864450753	100184190	CT	C			0.2	L1	0.317005810353334	1.56712612581838	2
rs199603747	IAV	(1.00854e+08,1.00856e+08]	10.5539560196154	9.11368399750133e-21	9.58559727728926e-17	0.004453055966909	100184190	CT	C			0.2	L1	0.294219162645412	1.56712612581838	2
rs199603747	IAV	(1.0085e+08,1.00852e+08]	10.129546798559	1.54164686454095e-19	5.25678909531044e-16	0.00213382696310414	100184190	CT	C			0.2	L1	0.323812091536929	1.56712612581838	2
rs3756352	PAM3CSK4	(1.00848e+08,1.0085e+08]	-5.59035854607116	7.83495868706184e-08	8.50824312994763e-05	-0.0029480306531284	100236848	A	G	""	5_100901144_G_A	0.708542713567839	L1	0.0148459156824562	0.879313619042474	3
rs3756352	IAV	(1.00904e+08,1.00906e+08]	9.45877121381444	1.25699127770571e-17	1.08753196851351e-14	0.00158595882412676	100236848	A	G	""	5_100901144_G_A	0.708542713567839	L1	0.199808026345903	0.879313619042474	3
rs3756352	NS	(1.00904e+08,1.00906e+08]	7.9924752144131	1.22611150175487e-13	5.44633091785254e-11	0.0020734570730029	100236848	A	G	""	5_100901144_G_A	0.708542713567839	L1	0.0620904503471324	0.879313619042474	3
rs3756352	R848	(1.00904e+08,1.00906e+08]	7.71682038503835	7.32992473156972e-13	4.30038340154041e-10	0.00191916238956718	100236848	A	G	""	5_100901144_G_A	0.708542713567839	L1	0.0475142491677018	0.879313619042474	3
rs3756352	PAM3CSK4	(1.00904e+08,1.00906e+08]	6.72084625564543	2.07207577345511e-10	2.40226104795518e-06	0.00353041744322381	100236848	A	G	""	5_100901144_G_A	0.708542713567839	L1	0.0329097069800332	0.879313619042474	3
rs3756352	IAV	(1.00906e+08,1.00908e+08]	5.13029016259664	7.13991387394442e-07	4.32479579402166e-05	0.000195863929564004	100236848	A	G	""	5_100901144_G_A	0.708542713567839	L1	0.0240106600249573	0.879313619042474	3
rs3756352	IAV	(1.00912e+08,1.00914e+08]	7.94121666133476	1.73970917288104e-13	4.59593824320618e-11	0.000346847204377143	100236848	A	G	""	5_100901144_G_A	0.708542713567839	L1	0.404036483141495	0.879313619042474	3
rs3756352	IAV	(1.0091e+08,1.00912e+08]	6.00601481644179	9.56609855614234e-09	8.92951397831209e-07	0.000184723470109374	100236848	A	G	""	5_100901144_G_A	0.708542713567839	L1	0.132954703060208	0.879313619042474	3
rs141648434	NS	(1.00848e+08,1.0085e+08]	-9.84204218696959	9.52949898612714e-19	7.7241715101181e-15	-0.0027019593259467	100253329	G	C			0.92	L1	0.0584373282130995	0.266096145711317	4
rs141648434	IAV	(1.00848e+08,1.0085e+08]	-9.76544663953687	1.70012333431573e-18	3.34074235193042e-15	-0.00295551940430727	100253329	G	C			0.92	L2	0.0109374125963261	0.266096145711317	4
rs141648434	R848	(1.00848e+08,1.0085e+08]	-9.35729806037332	2.86863459184798e-17	1.03929734814342e-13	-0.00206513091098666	100253329	G	C			0.92	L1	0.0237399710491663	0.266096145711317	4
rs141648434	PAM3CSK4	(1.00848e+08,1.0085e+08]	-5.19443676027056	5.28765321150942e-07	0.000287804730082791	-0.00263038317003775	100253329	G	C			0.92	L1	0.00307558958300099	0.266096145711317	4
rs141648434	LPS	(1.00848e+08,1.0085e+08]	-5.18097452530099	6.16099414186204e-07	0.000358932088360189	-0.00270569038820785	100253329	G	C			0.92	L1	0.00316292757625028	0.266096145711317	4
rs141648434	IAV	(1.00852e+08,1.00854e+08]	-9.27965812664591	4.0038943490127e-17	3.15776524729787e-14	-0.00238773372084404	100253329	G	C			0.92	L2	0.0146470371209713	0.266096145711317	4
rs141648434	R848	(1.00854e+08,1.00856e+08]	-8.05452535135804	9.71413685604467e-14	7.78216934727183e-11	-0.00255291809519583	100253329	G	C			0.92	L1	0.00691803892169409	0.266096145711317	4
rs141648434	NS	(1.00854e+08,1.00856e+08]	-7.78513393290826	4.29117755240183e-13	1.48064782600508e-10	-0.00288375813821997	100253329	G	C			0.92	L1	0.00920595620409938	0.266096145711317	4
rs141648434	LPS	(1.00854e+08,1.00856e+08]	-6.19264559411336	4.26127464868802e-09	2.24559489270748e-05	-0.00350291310089417	100253329	G	C			0.92	L1	0.255458544523617	0.266096145711317	4
rs141648434	R848	(1.00894e+08,1.00896e+08]	-3.64971254026976	0.00034190399119846	0.0179036310838272	-0.00140687173298238	100253329	G	C			0.92	L1	0.00143164498359999	0.266096145711317	4
rs141648434	PAM3CSK4	(1.00904e+08,1.00906e+08]	6.30803489893499	1.95596747318343e-09	7.76939662010022e-06	0.00318771133188739	100253329	G	C			0.92	L1	0.005527392674009	0.266096145711317	4
rs141648434	IAV	(1.00906e+08,1.00908e+08]	4.63715924837386	6.57799839015267e-06	0.00034998634390195	0.000172970634435379	100253329	G	C			0.92	L1	0.00380685199950097	0.266096145711317	4
rs12719316	IAV	(1.00818e+08,1.0082e+08]	-6.19393989955857	3.58297888409327e-09	3.5696791776065e-07	-0.000500794581888232	100150612	C	T	GCST90002340/GCST011096	5_100814908_T_C	0.51	L1	0.0169167880138488	0.162840526495054	5
rs12719316	R848	(1.00818e+08,1.0082e+08]	-5.64690731046081	6.1090429916617e-08	9.36841136558597e-06	-0.000603333408904063	100150612	C	T	GCST90002340/GCST011096	5_100814908_T_C	0.51	L1	0.0835121499372749	0.162840526495054	5
rs12719316	R848	(1.0082e+08,1.00822e+08]	-5.33198895278868	2.82507865293141e-07	3.60314074397804e-05	-0.000520503550109537	100150612	C	T	GCST90002340/GCST011096	5_100814908_T_C	0.51	L1	0.0569537285842241	0.162840526495054	5
rs12719316	LPS	(1.00848e+08,1.0085e+08]	-5.11344671250885	8.41245138475367e-07	0.000424927749521365	-0.00310085659401493	100150612	C	T	GCST90002340/GCST011096	5_100814908_T_C	0.51	L1	0.00243485019061705	0.162840526495054	5
rs12719316	NS	(1.00854e+08,1.00856e+08]	-7.60828251100076	1.23333771425598e-12	3.41084720810506e-10	-0.00328285376259616	100150612	C	T	GCST90002340/GCST011096	5_100814908_T_C	0.51	L1	0.00416388526385899	0.162840526495054	5
rs12719316	R848	(1.00894e+08,1.00896e+08]	-4.48511242597965	1.28050429632505e-05	0.000981846994672255	-0.00198573557960531	100150612	C	T	GCST90002340/GCST011096	5_100814908_T_C	0.51	L1	0.0220486180534016	0.162840526495054	5
rs12719316	LPS	(1.00904e+08,1.00906e+08]	4.85013979245783	2.75974132651227e-06	0.000966618159181875	0.00241590336591807	100150612	C	T	GCST90002340/GCST011096	5_100814908_T_C	0.51	L1	0.00545785995970596	0.162840526495054	5
