x	condition	genotype_char	relative_coverage
100797467	IAV	A/A	0.00473802563443246
100797467	IAV	A/C	0.00626211313177127
100797467	IAV	C/C	0.00682039680811969
100797467	LPS	A/A	0.0001275064593745
100797467	LPS	A/C	0.000204942831099235
100797467	LPS	C/C	0.000193694549536914
100797467	NS	A/A	0.000116616663711712
100797467	NS	A/C	9.40685946510166e-05
100797467	NS	C/C	0.00015690425051112
100797467	PAM3CSK4	A/A	5.8406995742374e-05
100797467	PAM3CSK4	A/C	0.000146380318853952
100797467	PAM3CSK4	C/C	0.000253387250118737
100797467	R848	A/A	0.000127666742742524
100797467	R848	A/C	0.000181147407756907
100797467	R848	C/C	0.000151697554946826
100799000.5	IAV	A/A	0.00187417374388168
100799000.5	IAV	A/C	0.0020179577965646
100799000.5	IAV	C/C	0.00226092866533957
100799000.5	LPS	A/A	0.000205771025116271
100799000.5	LPS	A/C	0.000295491870328752
100799000.5	LPS	C/C	0.00026545702913345
100799000.5	NS	A/A	0.000111851067475796
100799000.5	NS	A/C	0.00013042528777463
100799000.5	NS	C/C	0.000117079479502716
100799000.5	PAM3CSK4	A/A	0.000247640313642256
100799000.5	PAM3CSK4	A/C	0.000115018974650946
100799000.5	PAM3CSK4	C/C	0.000172411905943017
100799000.5	R848	A/A	0.000184177182214643
100799000.5	R848	A/C	0.000173959261943404
100799000.5	R848	C/C	0.000204959365090392
100801000.5	IAV	A/A	0.00150565998952245
100801000.5	IAV	A/C	0.00181158136201651
100801000.5	IAV	C/C	0.0017172363884819
100801000.5	LPS	A/A	0.000174050724954221
100801000.5	LPS	A/C	0.000179578153577969
100801000.5	LPS	C/C	0.000180444448919988
100801000.5	NS	A/A	0.000173461157899964
100801000.5	NS	A/C	0.000243158308169154
100801000.5	NS	C/C	0.00023043119146435
100801000.5	PAM3CSK4	A/A	0.00018542768277903
100801000.5	PAM3CSK4	A/C	0.00022981648169772
100801000.5	PAM3CSK4	C/C	9.44580061759128e-05
100801000.5	R848	A/A	0.000231167357666303
100801000.5	R848	A/C	0.000226408964819133
100801000.5	R848	C/C	0.000339906958018076
100803000.5	IAV	A/A	0.00201621415095919
100803000.5	IAV	A/C	0.00215634908073561
100803000.5	IAV	C/C	0.00237802495104153
100803000.5	LPS	A/A	0.000548954134524078
100803000.5	LPS	A/C	0.000585582949326549
100803000.5	LPS	C/C	0.000815526735163498
100803000.5	NS	A/A	0.000813348726490959
100803000.5	NS	A/C	0.000863442045596212
100803000.5	NS	C/C	0.00102209929976331
100803000.5	PAM3CSK4	A/A	0.000850233774621067
100803000.5	PAM3CSK4	A/C	0.000864949270682326
100803000.5	PAM3CSK4	C/C	0.000961300277197439
100803000.5	R848	A/A	0.000583672695044683
100803000.5	R848	A/C	0.00070324778548029
100803000.5	R848	C/C	0.000817061521539699
100805000.5	IAV	A/A	0.00489536557673768
100805000.5	IAV	A/C	0.00534875474092368
100805000.5	IAV	C/C	0.00601620101290101
100805000.5	LPS	A/A	0.00101228732166907
100805000.5	LPS	A/C	0.0015062634101913
100805000.5	LPS	C/C	0.00186605881334114
100805000.5	NS	A/A	0.00178706051308021
100805000.5	NS	A/C	0.00186843196387787
100805000.5	NS	C/C	0.00203341615939437
100805000.5	PAM3CSK4	A/A	0.00163880424869773
100805000.5	PAM3CSK4	A/C	0.00136206283690899
100805000.5	PAM3CSK4	C/C	0.00164816429730006
100805000.5	R848	A/A	0.00109815664110183
100805000.5	R848	A/C	0.00125240525344986
100805000.5	R848	C/C	0.00132307188099065
100807000.5	IAV	A/A	0.0525447120558583
100807000.5	IAV	A/C	0.0493053342617327
100807000.5	IAV	C/C	0.050143295818782
100807000.5	LPS	A/A	0.0387060183272619
100807000.5	LPS	A/C	0.0398611356241836
100807000.5	LPS	C/C	0.0415236753779484
100807000.5	NS	A/A	0.0499795289642763
100807000.5	NS	A/C	0.0503539726005628
100807000.5	NS	C/C	0.0490954539946852
100807000.5	PAM3CSK4	A/A	0.0432027711042186
100807000.5	PAM3CSK4	A/C	0.0446442228195264
100807000.5	PAM3CSK4	C/C	0.0423742194814196
100807000.5	R848	A/A	0.0422530232275709
100807000.5	R848	A/C	0.0428219371667404
100807000.5	R848	C/C	0.0428382098725722
100809000.5	IAV	A/A	0.13365406980955
100809000.5	IAV	A/C	0.132043073908184
100809000.5	IAV	C/C	0.129822557797584
100809000.5	LPS	A/A	0.107792443924702
100809000.5	LPS	A/C	0.110880089679112
100809000.5	LPS	C/C	0.113988751112604
100809000.5	NS	A/A	0.133521274754062
100809000.5	NS	A/C	0.137575769184776
100809000.5	NS	C/C	0.136480995717073
100809000.5	PAM3CSK4	A/A	0.115712325689013
100809000.5	PAM3CSK4	A/C	0.120376411671102
100809000.5	PAM3CSK4	C/C	0.120443664259638
100809000.5	R848	A/A	0.116649125716719
100809000.5	R848	A/C	0.118687993580051
100809000.5	R848	C/C	0.118059835977614
100811000.5	IAV	A/A	0.389917205476492
100811000.5	IAV	A/C	0.374401877378755
100811000.5	IAV	C/C	0.355179804692775
100811000.5	LPS	A/A	0.315889322100012
100811000.5	LPS	A/C	0.308819849139576
100811000.5	LPS	C/C	0.300204017587882
100811000.5	NS	A/A	0.354382151356942
100811000.5	NS	A/C	0.342949306130798
100811000.5	NS	C/C	0.32453397686286
100811000.5	PAM3CSK4	A/A	0.303020551189129
100811000.5	PAM3CSK4	A/C	0.295765597187786
100811000.5	PAM3CSK4	C/C	0.283938278946973
100811000.5	R848	A/A	0.326210708866426
100811000.5	R848	A/C	0.317503636331698
100811000.5	R848	C/C	0.300254443929238
100813000.5	IAV	A/A	0.0370081558031214
100813000.5	IAV	A/C	0.037730882173623
100813000.5	IAV	C/C	0.0360644196762104
100813000.5	LPS	A/A	0.0325675252584201
100813000.5	LPS	A/C	0.0319398699626783
100813000.5	LPS	C/C	0.0305994250138053
100813000.5	NS	A/A	0.0354677200307578
100813000.5	NS	A/C	0.0344896171772334
100813000.5	NS	C/C	0.0348332792541137
100813000.5	PAM3CSK4	A/A	0.0318184529622117
100813000.5	PAM3CSK4	A/C	0.0300227450566434
100813000.5	PAM3CSK4	C/C	0.0310616706947125
100813000.5	R848	A/A	0.0326261395257352
100813000.5	R848	A/C	0.0329390375349999
100813000.5	R848	C/C	0.0317851944108356
100815000.5	IAV	A/A	0.00223631829273942
100815000.5	IAV	A/C	0.00227099407680301
100815000.5	IAV	C/C	0.00236151141268171
100815000.5	LPS	A/A	0.00396770537572041
100815000.5	LPS	A/C	0.00360008991501035
100815000.5	LPS	C/C	0.00322674933798945
100815000.5	NS	A/A	0.00336099682667696
100815000.5	NS	A/C	0.00329230067140151
100815000.5	NS	C/C	0.00380285461998302
100815000.5	PAM3CSK4	A/A	0.00274052135723326
100815000.5	PAM3CSK4	A/C	0.00341287865008859
100815000.5	PAM3CSK4	C/C	0.00332324033174666
100815000.5	R848	A/A	0.00324566428324906
100815000.5	R848	A/C	0.00322924580089204
100815000.5	R848	C/C	0.00340177974766941
100817000.5	IAV	A/A	0.00285355808525476
100817000.5	IAV	A/C	0.00246477154994849
100817000.5	IAV	C/C	0.00248643854023138
100817000.5	LPS	A/A	0.00374217196956978
100817000.5	LPS	A/C	0.00386825175614348
100817000.5	LPS	C/C	0.00388428664149016
100817000.5	NS	A/A	0.00368495698556529
100817000.5	NS	A/C	0.0034530937345906
100817000.5	NS	C/C	0.00315044415441968
100817000.5	PAM3CSK4	A/A	0.00407073814669198
100817000.5	PAM3CSK4	A/C	0.00368354933813804
100817000.5	PAM3CSK4	C/C	0.00321025854342409
100817000.5	R848	A/A	0.0030832070034072
100817000.5	R848	A/C	0.00321511036194944
100817000.5	R848	C/C	0.00322236985519007
100819000.5	IAV	A/A	0.00173106885772909
100819000.5	IAV	A/C	0.00192669276776912
100819000.5	IAV	C/C	0.00225397221583692
100819000.5	LPS	A/A	0.00294576541216137
100819000.5	LPS	A/C	0.00246611937960834
100819000.5	LPS	C/C	0.00281035723258155
100819000.5	NS	A/A	0.00217693999642835
100819000.5	NS	A/C	0.00207835865298015
100819000.5	NS	C/C	0.00273470482901765
100819000.5	PAM3CSK4	A/A	0.0021818927156409
100819000.5	PAM3CSK4	A/C	0.00244263829262251
100819000.5	PAM3CSK4	C/C	0.00312333198939082
100819000.5	R848	A/A	0.00242748980050565
100819000.5	R848	A/C	0.00253607807292473
100819000.5	R848	C/C	0.00302101556294445
100821000.5	IAV	A/A	0.00137651554421232
100821000.5	IAV	A/C	0.00156448166598428
100821000.5	IAV	C/C	0.00162875230079399
100821000.5	LPS	A/A	0.00276937477645687
100821000.5	LPS	A/C	0.00243778076173168
100821000.5	LPS	C/C	0.00249613381961033
100821000.5	NS	A/A	0.00179809390972983
100821000.5	NS	A/C	0.00199060858110153
100821000.5	NS	C/C	0.00223662953970297
100821000.5	PAM3CSK4	A/A	0.00183132942222975
100821000.5	PAM3CSK4	A/C	0.00208341434023804
100821000.5	PAM3CSK4	C/C	0.0032931867803006
100821000.5	R848	A/A	0.00199459735197234
100821000.5	R848	A/C	0.00224646019144288
100821000.5	R848	C/C	0.00258034998285061
100823000.5	IAV	A/A	0.0018812164083893
100823000.5	IAV	A/C	0.00134159952352688
100823000.5	IAV	C/C	0.00177364374803768
100823000.5	LPS	A/A	0.00437661696057765
100823000.5	LPS	A/C	0.00654239301107068
100823000.5	LPS	C/C	0.00475552122214778
100823000.5	NS	A/A	0.00173552356376053
100823000.5	NS	A/C	0.00213157593311317
100823000.5	NS	C/C	0.00257045060781234
100823000.5	PAM3CSK4	A/A	0.008725642602373
100823000.5	PAM3CSK4	A/C	0.00457718675200264
100823000.5	PAM3CSK4	C/C	0.00441845497209631
100823000.5	R848	A/A	0.0024516104991162
100823000.5	R848	A/C	0.0026082637040006
100823000.5	R848	C/C	0.00284147840985056
100825000.5	IAV	A/A	0.000826924610586328
100825000.5	IAV	A/C	0.000824881103348017
100825000.5	IAV	C/C	0.00103455840794666
100825000.5	LPS	A/A	0.000807346218210827
100825000.5	LPS	A/C	0.00135056377882022
100825000.5	LPS	C/C	0.00159018020084362
100825000.5	NS	A/A	0.000893081082917603
100825000.5	NS	A/C	0.0010536081604692
100825000.5	NS	C/C	0.00112085450045361
100825000.5	PAM3CSK4	A/A	0.0014361405351935
100825000.5	PAM3CSK4	A/C	0.000985518841005084
100825000.5	PAM3CSK4	C/C	0.00127452148258922
100825000.5	R848	A/A	0.00128871863889688
100825000.5	R848	A/C	0.00127845616756967
100825000.5	R848	C/C	0.00150029281707264
100827000.5	IAV	A/A	0.000981767733296456
100827000.5	IAV	A/C	0.00102939766254367
100827000.5	IAV	C/C	0.00116314244075335
100827000.5	LPS	A/A	0.00107675921085253
100827000.5	LPS	A/C	0.00133834911809144
100827000.5	LPS	C/C	0.00164849230968413
100827000.5	NS	A/A	0.000938965383126501
100827000.5	NS	A/C	0.000908625338923319
100827000.5	NS	C/C	0.00105458407900985
100827000.5	PAM3CSK4	A/A	0.00105881642774436
100827000.5	PAM3CSK4	A/C	0.00117357199042525
100827000.5	PAM3CSK4	C/C	0.0016304115933989
100827000.5	R848	A/A	0.00177409370187818
100827000.5	R848	A/C	0.00145397352246258
100827000.5	R848	C/C	0.00175971699528643
100829000.5	IAV	A/A	0.00154719651132135
100829000.5	IAV	A/C	0.0016863686336297
100829000.5	IAV	C/C	0.00184002571120712
100829000.5	LPS	A/A	0.00717257918376129
100829000.5	LPS	A/C	0.00376773370947923
100829000.5	LPS	C/C	0.00379226411255295
100829000.5	NS	A/A	0.00168673218215236
100829000.5	NS	A/C	0.00184440897304106
100829000.5	NS	C/C	0.00179541245296736
100829000.5	PAM3CSK4	A/A	0.00459068077983268
100829000.5	PAM3CSK4	A/C	0.0041441800570147
100829000.5	PAM3CSK4	C/C	0.00507778514654274
100829000.5	R848	A/A	0.00250731812726272
100829000.5	R848	A/C	0.00214743882741652
100829000.5	R848	C/C	0.00240319903256003
100831000.5	IAV	A/A	0.000510084593572395
100831000.5	IAV	A/C	0.00061283427088521
100831000.5	IAV	C/C	0.000561160554966779
100831000.5	LPS	A/A	0.000955142492209375
100831000.5	LPS	A/C	0.000807601640061921
100831000.5	LPS	C/C	0.000978581365013745
100831000.5	NS	A/A	0.000552784663846889
100831000.5	NS	A/C	0.000606340164499595
100831000.5	NS	C/C	0.000638969490609108
100831000.5	PAM3CSK4	A/A	0.0004350729475384
100831000.5	PAM3CSK4	A/C	0.000685125956616017
100831000.5	PAM3CSK4	C/C	0.000880406359700892
100831000.5	R848	A/A	0.000725328844791487
100831000.5	R848	A/C	0.000787063484037079
100831000.5	R848	C/C	0.000782939334064212
100833000.5	IAV	A/A	0.000472806124010168
100833000.5	IAV	A/C	0.000474248900424456
100833000.5	IAV	C/C	0.000465211065689304
100833000.5	LPS	A/A	0.000638407559253505
100833000.5	LPS	A/C	0.000563418199898865
100833000.5	LPS	C/C	0.000652225941736389
100833000.5	NS	A/A	0.000450006124838804
100833000.5	NS	A/C	0.000512016223016706
100833000.5	NS	C/C	0.000692469234779036
100833000.5	PAM3CSK4	A/A	0.000464686662530044
100833000.5	PAM3CSK4	A/C	0.000725162253212355
100833000.5	PAM3CSK4	C/C	0.000772407302515308
100833000.5	R848	A/A	0.000622974237378054
100833000.5	R848	A/C	0.000768584064282787
100833000.5	R848	C/C	0.000776992135166611
100835000.5	IAV	A/A	0.000281881329307986
100835000.5	IAV	A/C	0.00036622645106541
100835000.5	IAV	C/C	0.000406334317154197
100835000.5	LPS	A/A	0.000354654108704073
100835000.5	LPS	A/C	0.000315198126189582
100835000.5	LPS	C/C	0.000328936874758654
100835000.5	NS	A/A	0.000325662345537959
100835000.5	NS	A/C	0.000329846902816128
100835000.5	NS	C/C	0.000379788741946488
100835000.5	PAM3CSK4	A/A	0.000530342473458967
100835000.5	PAM3CSK4	A/C	0.000502679396462107
100835000.5	PAM3CSK4	C/C	0.000544023062123836
100835000.5	R848	A/A	0.000466825407381155
100835000.5	R848	A/C	0.000356663162436233
100835000.5	R848	C/C	0.000514424762189593
100837000.5	IAV	A/A	0.000352021440623749
100837000.5	IAV	A/C	0.000358612114883863
100837000.5	IAV	C/C	0.000351731313818349
100837000.5	LPS	A/A	0.000341762277270629
100837000.5	LPS	A/C	0.000351052681366955
100837000.5	LPS	C/C	0.0004174004655202
100837000.5	NS	A/A	0.000267046471590254
100837000.5	NS	A/C	0.000324031523628043
100837000.5	NS	C/C	0.000349575824996889
100837000.5	PAM3CSK4	A/A	0.000373167912144304
100837000.5	PAM3CSK4	A/C	0.000469672669324293
100837000.5	PAM3CSK4	C/C	0.00061023002091338
100837000.5	R848	A/A	0.000433170231898298
100837000.5	R848	A/C	0.000418357665402014
100837000.5	R848	C/C	0.000520167515623741
100839000.5	IAV	A/A	0.000283087230700804
100839000.5	IAV	A/C	0.000341715680222944
100839000.5	IAV	C/C	0.00037573841566002
100839000.5	LPS	A/A	0.00067423179638402
100839000.5	LPS	A/C	0.000349298559348309
100839000.5	LPS	C/C	0.000310120944785932
100839000.5	NS	A/A	0.00021710232793822
100839000.5	NS	A/C	0.000208818352604118
100839000.5	NS	C/C	0.000303358574612884
100839000.5	PAM3CSK4	A/A	0.000457453358800328
100839000.5	PAM3CSK4	A/C	0.000387895088217097
100839000.5	PAM3CSK4	C/C	0.00054018819358329
100839000.5	R848	A/A	0.000718697308826651
100839000.5	R848	A/C	0.000652236264369475
100839000.5	R848	C/C	0.000840380176310142
100841000.5	IAV	A/A	0.000472153342246546
100841000.5	IAV	A/C	0.000443023991295931
100841000.5	IAV	C/C	0.000558095518489434
100841000.5	LPS	A/A	0.000899001098162987
100841000.5	LPS	A/C	0.000686033926086589
100841000.5	LPS	C/C	0.000802105472737174
100841000.5	NS	A/A	0.000341658699704999
100841000.5	NS	A/C	0.000466331135099406
100841000.5	NS	C/C	0.000480486711340065
100841000.5	PAM3CSK4	A/A	0.000776713648961295
100841000.5	PAM3CSK4	A/C	0.000789275331661278
100841000.5	PAM3CSK4	C/C	0.00128337792135111
100841000.5	R848	A/A	0.00100372696186949
100841000.5	R848	A/C	0.00102964259922572
100841000.5	R848	C/C	0.00113203510690162
100843000.5	IAV	A/A	0.000611415085944612
100843000.5	IAV	A/C	0.000586600523861573
100843000.5	IAV	C/C	0.000600195761647463
100843000.5	LPS	A/A	0.00108230783546303
100843000.5	LPS	A/C	0.00101382429452205
100843000.5	LPS	C/C	0.000976579468870011
100843000.5	NS	A/A	0.000766156629435299
100843000.5	NS	A/C	0.000642232242739966
100843000.5	NS	C/C	0.000613471867996854
100843000.5	PAM3CSK4	A/A	0.000725060922970614
100843000.5	PAM3CSK4	A/C	0.00115187566148753
100843000.5	PAM3CSK4	C/C	0.00111855778539157
100843000.5	R848	A/A	0.000841822719880938
100843000.5	R848	A/C	0.000744117894795954
100843000.5	R848	C/C	0.000714324385376015
100845000.5	IAV	A/A	0.000669825479663782
100845000.5	IAV	A/C	0.000558429047017514
100845000.5	IAV	C/C	0.000517755601576591
100845000.5	LPS	A/A	0.00128894183738765
100845000.5	LPS	A/C	0.00122241762707848
100845000.5	LPS	C/C	0.000764029254679023
100845000.5	NS	A/A	0.000580355014524103
100845000.5	NS	A/C	0.000735438629352714
100845000.5	NS	C/C	0.000622275103453089
100845000.5	PAM3CSK4	A/A	0.00105052184327064
100845000.5	PAM3CSK4	A/C	0.000910521656280541
100845000.5	PAM3CSK4	C/C	0.000862265988912075
100845000.5	R848	A/A	0.000708556693693534
100845000.5	R848	A/C	0.000582618032886361
100845000.5	R848	C/C	0.000725781923332533
100847000.5	IAV	A/A	0.000572633867268705
100847000.5	IAV	A/C	0.000497597388107535
100847000.5	IAV	C/C	0.000648354431572386
100847000.5	LPS	A/A	0.00111776538472178
100847000.5	LPS	A/C	0.00065131107039507
100847000.5	LPS	C/C	0.000863159066617867
100847000.5	NS	A/A	0.000601298651246012
100847000.5	NS	A/C	0.000759624253098915
100847000.5	NS	C/C	0.000713204845133823
100847000.5	PAM3CSK4	A/A	0.000510058524277168
100847000.5	PAM3CSK4	A/C	0.00078936949873674
100847000.5	PAM3CSK4	C/C	0.000957362892327423
100847000.5	R848	A/A	0.000891307553886867
100847000.5	R848	A/C	0.000678207034280988
100847000.5	R848	C/C	0.000729600626897275
100849000.5	IAV	A/A	0.0063698226852148
100849000.5	IAV	A/C	0.00768972368622404
100849000.5	IAV	C/C	0.0118013464554046
100849000.5	LPS	A/A	0.0131723187179443
100849000.5	LPS	A/C	0.0157384812287999
100849000.5	LPS	C/C	0.019296392929815
100849000.5	NS	A/A	0.0115733751973061
100849000.5	NS	A/C	0.0142215897726202
100849000.5	NS	C/C	0.0168291019869805
100849000.5	PAM3CSK4	A/A	0.0144579391438255
100849000.5	PAM3CSK4	A/C	0.0159277813691952
100849000.5	PAM3CSK4	C/C	0.0191685917907618
100849000.5	R848	A/A	0.0111951738464017
100849000.5	R848	A/C	0.0130778085002245
100849000.5	R848	C/C	0.0154024212866538
100851000.5	IAV	A/A	0.00257903775124221
100851000.5	IAV	A/C	0.00348711919131412
100851000.5	IAV	C/C	0.00487995610845911
100851000.5	LPS	A/A	0.00876731481500664
100851000.5	LPS	A/C	0.00863335435769018
100851000.5	LPS	C/C	0.0106510354117292
100851000.5	NS	A/A	0.00594967232602409
100851000.5	NS	A/C	0.00708858263280454
100851000.5	NS	C/C	0.00889126000070574
100851000.5	PAM3CSK4	A/A	0.00814977283447013
100851000.5	PAM3CSK4	A/C	0.00871161071401617
100851000.5	PAM3CSK4	C/C	0.00977426417328529
100851000.5	R848	A/A	0.00595631706603498
100851000.5	R848	A/C	0.00662966345725955
100851000.5	R848	C/C	0.00755327016739132
100853000.5	IAV	A/A	0.00559473486405358
100853000.5	IAV	A/C	0.00757415911307959
100853000.5	IAV	C/C	0.0107809645084245
100853000.5	LPS	A/A	0.0157326935357876
100853000.5	LPS	A/C	0.0172254984959233
100853000.5	LPS	C/C	0.0212651207607308
100853000.5	NS	A/A	0.0122262122978271
100853000.5	NS	A/C	0.0145775844691067
100853000.5	NS	C/C	0.019305135363048
100853000.5	PAM3CSK4	A/A	0.0161591023710972
100853000.5	PAM3CSK4	A/C	0.0194930661867874
100853000.5	PAM3CSK4	C/C	0.0207659994244104
100853000.5	R848	A/A	0.0146590573634486
100853000.5	R848	A/C	0.0161735659161459
100853000.5	R848	C/C	0.0178688079859266
100855000.5	IAV	A/A	0.00682826035955921
100855000.5	IAV	A/C	0.00868732198963785
100855000.5	IAV	C/C	0.0117678269189461
100855000.5	LPS	A/A	0.0191463361735552
100855000.5	LPS	A/C	0.0218284245433466
100855000.5	LPS	C/C	0.0240738919745394
100855000.5	NS	A/A	0.0136265777407492
100855000.5	NS	A/C	0.0165035161298492
100855000.5	NS	C/C	0.0196274529905847
100855000.5	PAM3CSK4	A/A	0.0192977072641552
100855000.5	PAM3CSK4	A/C	0.022656577573656
100855000.5	PAM3CSK4	C/C	0.0244390788228422
100855000.5	R848	A/A	0.0169006257766541
100855000.5	R848	A/C	0.0202595701546345
100855000.5	R848	C/C	0.0222076922189007
100857000.5	IAV	A/A	0.0810719599082814
100857000.5	IAV	A/C	0.0863514811689791
100857000.5	IAV	C/C	0.0861908675277834
100857000.5	LPS	A/A	0.075213524626058
100857000.5	LPS	A/C	0.0801942936887951
100857000.5	LPS	C/C	0.0805899576006234
100857000.5	NS	A/A	0.0801052602434627
100857000.5	NS	A/C	0.0813209959173276
100857000.5	NS	C/C	0.0832759203713045
100857000.5	PAM3CSK4	A/A	0.0709538967583356
100857000.5	PAM3CSK4	A/C	0.0760210314869194
100857000.5	PAM3CSK4	C/C	0.0771333161789073
100857000.5	R848	A/A	0.0761969078470138
100857000.5	R848	A/C	0.0790735653172519
100857000.5	R848	C/C	0.0776919422378068
100859000.5	IAV	A/A	0.000550133873982237
100859000.5	IAV	A/C	0.000433612232623581
100859000.5	IAV	C/C	0.00058849873341223
100859000.5	LPS	A/A	0.00094434614090179
100859000.5	LPS	A/C	0.000774783049019248
100859000.5	LPS	C/C	0.00101317016742195
100859000.5	NS	A/A	0.000628038139019001
100859000.5	NS	A/C	0.000754430610287481
100859000.5	NS	C/C	0.000603371058978333
100859000.5	PAM3CSK4	A/A	0.000924969555411263
100859000.5	PAM3CSK4	A/C	0.00074914248528099
100859000.5	PAM3CSK4	C/C	0.00133729444608304
100859000.5	R848	A/A	0.000920713519926819
100859000.5	R848	A/C	0.000743055476087915
100859000.5	R848	C/C	0.000755960940966163
100861000.5	IAV	A/A	0.000555039964741396
100861000.5	IAV	A/C	0.000486076885490845
100861000.5	IAV	C/C	0.0004631193217581
100861000.5	LPS	A/A	0.00129658569363554
100861000.5	LPS	A/C	0.00104685483663726
100861000.5	LPS	C/C	0.000896750471274899
100861000.5	NS	A/A	0.000609166860165415
100861000.5	NS	A/C	0.00070431382372775
100861000.5	NS	C/C	0.000660712915403582
100861000.5	PAM3CSK4	A/A	0.000905946242848788
100861000.5	PAM3CSK4	A/C	0.000894898847989926
100861000.5	PAM3CSK4	C/C	0.00102225363261135
100861000.5	R848	A/A	0.000959518391779144
100861000.5	R848	A/C	0.000809366476368743
100861000.5	R848	C/C	0.000816272070640991
100863000.5	IAV	A/A	0.000410153096452421
100863000.5	IAV	A/C	0.000508545999907755
100863000.5	IAV	C/C	0.000502141797059499
100863000.5	LPS	A/A	0.000835374529350141
100863000.5	LPS	A/C	0.000997457816819006
100863000.5	LPS	C/C	0.000926937916358985
100863000.5	NS	A/A	0.000579825090837947
100863000.5	NS	A/C	0.000630034488659452
100863000.5	NS	C/C	0.000563263003901789
100863000.5	PAM3CSK4	A/A	0.000803856754252182
100863000.5	PAM3CSK4	A/C	0.0007127671973569
100863000.5	PAM3CSK4	C/C	0.0011145952759354
100863000.5	R848	A/A	0.000834717340655899
100863000.5	R848	A/C	0.000777349525879561
100863000.5	R848	C/C	0.000718789067915915
100865000.5	IAV	A/A	0.000804110062871029
100865000.5	IAV	A/C	0.000770452144650654
100865000.5	IAV	C/C	0.000862297978485946
100865000.5	LPS	A/A	0.00231005888318665
100865000.5	LPS	A/C	0.00225815534043627
100865000.5	LPS	C/C	0.00238338808983725
100865000.5	NS	A/A	0.00153208546215206
100865000.5	NS	A/C	0.00124842731344197
100865000.5	NS	C/C	0.00147822517513917
100865000.5	PAM3CSK4	A/A	0.00253833570726379
100865000.5	PAM3CSK4	A/C	0.00247711513407076
100865000.5	PAM3CSK4	C/C	0.00217509981029689
100865000.5	R848	A/A	0.00127712233467228
100865000.5	R848	A/C	0.0010538816191081
100865000.5	R848	C/C	0.00118218372022996
100867000.5	IAV	A/A	0.00135451242158589
100867000.5	IAV	A/C	0.00124489303656136
100867000.5	IAV	C/C	0.00126954826499642
100867000.5	LPS	A/A	0.00358852246443489
100867000.5	LPS	A/C	0.00367275132311881
100867000.5	LPS	C/C	0.00300475965000093
100867000.5	NS	A/A	0.00262818743875923
100867000.5	NS	A/C	0.00250499869076262
100867000.5	NS	C/C	0.00227440755505109
100867000.5	PAM3CSK4	A/A	0.00402668906304606
100867000.5	PAM3CSK4	A/C	0.00314837812234249
100867000.5	PAM3CSK4	C/C	0.00309813975890669
100867000.5	R848	A/A	0.00224299828316875
100867000.5	R848	A/C	0.00223202037933357
100867000.5	R848	C/C	0.00223496833136188
100869000.5	IAV	A/A	0.0018516859904801
100869000.5	IAV	A/C	0.00170520004438007
100869000.5	IAV	C/C	0.00185677971610859
100869000.5	LPS	A/A	0.00499489355175922
100869000.5	LPS	A/C	0.00479309935319353
100869000.5	LPS	C/C	0.0042017916325962
100869000.5	NS	A/A	0.00333914803090435
100869000.5	NS	A/C	0.00330299109218999
100869000.5	NS	C/C	0.00349936766057826
100869000.5	PAM3CSK4	A/A	0.00451030664801647
100869000.5	PAM3CSK4	A/C	0.00539453382591497
100869000.5	PAM3CSK4	C/C	0.00489885642624615
100869000.5	R848	A/A	0.00463135114550696
100869000.5	R848	A/C	0.0041153585439308
100869000.5	R848	C/C	0.00403333677185774
100871000.5	IAV	A/A	0.00261556711829539
100871000.5	IAV	A/C	0.00239855035876584
100871000.5	IAV	C/C	0.00250929299307106
100871000.5	LPS	A/A	0.0109291704869497
100871000.5	LPS	A/C	0.00853015988145467
100871000.5	LPS	C/C	0.00867220517467625
100871000.5	NS	A/A	0.00675196931745994
100871000.5	NS	A/C	0.0059425628309256
100871000.5	NS	C/C	0.00588534769309879
100871000.5	PAM3CSK4	A/A	0.0103009349606224
100871000.5	PAM3CSK4	A/C	0.00968369322485987
100871000.5	PAM3CSK4	C/C	0.00968390987407363
100871000.5	R848	A/A	0.00785334124297888
100871000.5	R848	A/C	0.00773567895748599
100871000.5	R848	C/C	0.0076132638671831
100873000.5	IAV	A/A	0.002036062574938
100873000.5	IAV	A/C	0.00187229369972535
100873000.5	IAV	C/C	0.00189634731112991
100873000.5	LPS	A/A	0.00680483106182439
100873000.5	LPS	A/C	0.00678961571031375
100873000.5	LPS	C/C	0.00730011029218998
100873000.5	NS	A/A	0.00483174445790638
100873000.5	NS	A/C	0.00458233206396043
100873000.5	NS	C/C	0.00436880884247906
100873000.5	PAM3CSK4	A/A	0.00820575476618291
100873000.5	PAM3CSK4	A/C	0.00718961410158067
100873000.5	PAM3CSK4	C/C	0.00745233974253865
100873000.5	R848	A/A	0.00695898273813418
100873000.5	R848	A/C	0.00633420081236732
100873000.5	R848	C/C	0.00620415164493072
100875000.5	IAV	A/A	0.00131169803738889
100875000.5	IAV	A/C	0.00151343181321939
100875000.5	IAV	C/C	0.00162353157963308
100875000.5	LPS	A/A	0.00531283668035846
100875000.5	LPS	A/C	0.00534610278824054
100875000.5	LPS	C/C	0.00542759362708538
100875000.5	NS	A/A	0.00408024512519428
100875000.5	NS	A/C	0.00383661055995675
100875000.5	NS	C/C	0.00354445090240559
100875000.5	PAM3CSK4	A/A	0.00667017398680955
100875000.5	PAM3CSK4	A/C	0.00600895972650223
100875000.5	PAM3CSK4	C/C	0.00578541804780099
100875000.5	R848	A/A	0.00528547653150224
100875000.5	R848	A/C	0.00493006197079693
100875000.5	R848	C/C	0.00499319922977441
100877000.5	IAV	A/A	0.00121824141901586
100877000.5	IAV	A/C	0.00126555676376776
100877000.5	IAV	C/C	0.00127348854598867
100877000.5	LPS	A/A	0.00510271535624204
100877000.5	LPS	A/C	0.00414090861723863
100877000.5	LPS	C/C	0.00405457759663206
100877000.5	NS	A/A	0.00290601033485346
100877000.5	NS	A/C	0.00295860101798748
100877000.5	NS	C/C	0.00255686584391589
100877000.5	PAM3CSK4	A/A	0.0052220046549479
100877000.5	PAM3CSK4	A/C	0.0051291422414871
100877000.5	PAM3CSK4	C/C	0.00488725318519536
100877000.5	R848	A/A	0.00434649002515269
100877000.5	R848	A/C	0.00434774852039866
100877000.5	R848	C/C	0.00410447168362291
100879000.5	IAV	A/A	0.00115970299716505
100879000.5	IAV	A/C	0.00096442724658904
100879000.5	IAV	C/C	0.00108477617174884
100879000.5	LPS	A/A	0.00396716972259108
100879000.5	LPS	A/C	0.00306559157811948
100879000.5	LPS	C/C	0.0028148487220545
100879000.5	NS	A/A	0.00172717785348161
100879000.5	NS	A/C	0.00228103141816589
100879000.5	NS	C/C	0.00211449238961955
100879000.5	PAM3CSK4	A/A	0.00374929503766363
100879000.5	PAM3CSK4	A/C	0.00390378760615121
100879000.5	PAM3CSK4	C/C	0.00363995653560231
100879000.5	R848	A/A	0.00342626438835366
100879000.5	R848	A/C	0.00304114611073769
100879000.5	R848	C/C	0.00313140436878053
100881000.5	IAV	A/A	0.000710676454348501
100881000.5	IAV	A/C	0.000761474597991433
100881000.5	IAV	C/C	0.000822456638655853
100881000.5	LPS	A/A	0.00276859224760139
100881000.5	LPS	A/C	0.0021943990066747
100881000.5	LPS	C/C	0.00219414217483512
100881000.5	NS	A/A	0.00152348623091179
100881000.5	NS	A/C	0.00154349161389887
100881000.5	NS	C/C	0.00146223128958276
100881000.5	PAM3CSK4	A/A	0.00274415013025411
100881000.5	PAM3CSK4	A/C	0.00316696080545623
100881000.5	PAM3CSK4	C/C	0.00279817607507807
100881000.5	R848	A/A	0.00240721519189327
100881000.5	R848	A/C	0.00227772733860115
100881000.5	R848	C/C	0.0024563959482169
100883000.5	IAV	A/A	0.00122671903651489
100883000.5	IAV	A/C	0.00125799095839168
100883000.5	IAV	C/C	0.00161764808318751
100883000.5	LPS	A/A	0.00361418858298363
100883000.5	LPS	A/C	0.00309565326959803
100883000.5	LPS	C/C	0.00380147917476948
100883000.5	NS	A/A	0.0018607848276008
100883000.5	NS	A/C	0.00198364546935927
100883000.5	NS	C/C	0.0021569539679807
100883000.5	PAM3CSK4	A/A	0.00387889397600488
100883000.5	PAM3CSK4	A/C	0.00433836033045609
100883000.5	PAM3CSK4	C/C	0.00448160041434517
100883000.5	R848	A/A	0.00381398247844649
100883000.5	R848	A/C	0.00391908698025473
100883000.5	R848	C/C	0.00413856147244029
100885000.5	IAV	A/A	0.00171990454031533
100885000.5	IAV	A/C	0.00178931084182414
100885000.5	IAV	C/C	0.00188173964763637
100885000.5	LPS	A/A	0.00561550281664876
100885000.5	LPS	A/C	0.0046461581045789
100885000.5	LPS	C/C	0.00532832092899514
100885000.5	NS	A/A	0.00253108092458212
100885000.5	NS	A/C	0.00257551510788001
100885000.5	NS	C/C	0.00271536674204512
100885000.5	PAM3CSK4	A/A	0.00519021066361966
100885000.5	PAM3CSK4	A/C	0.00675608147804942
100885000.5	PAM3CSK4	C/C	0.0067160209279644
100885000.5	R848	A/A	0.00670060649181144
100885000.5	R848	A/C	0.0063190083037888
100885000.5	R848	C/C	0.00718573408078184
100887000.5	IAV	A/A	0.0812111323439594
100887000.5	IAV	A/C	0.0850193033230075
100887000.5	IAV	C/C	0.0840381820571263
100887000.5	LPS	A/A	0.0893087907119408
100887000.5	LPS	A/C	0.0889558083949957
100887000.5	LPS	C/C	0.0884290371148334
100887000.5	NS	A/A	0.0825562592125939
100887000.5	NS	A/C	0.0840962500388121
100887000.5	NS	C/C	0.0847969111647402
100887000.5	PAM3CSK4	A/A	0.0838464004974452
100887000.5	PAM3CSK4	A/C	0.086616942528312
100887000.5	PAM3CSK4	C/C	0.0865105270521584
100887000.5	R848	A/A	0.0872327910253813
100887000.5	R848	A/C	0.0903638246198289
100887000.5	R848	C/C	0.0907438887785371
100889000.5	IAV	A/A	0.000280322633646187
100889000.5	IAV	A/C	0.000216945101963366
100889000.5	IAV	C/C	0.000217327458978732
100889000.5	LPS	A/A	0.000734376338838634
100889000.5	LPS	A/C	0.000570234425445055
100889000.5	LPS	C/C	0.000419004919823059
100889000.5	NS	A/A	0.000174583710945919
100889000.5	NS	A/C	0.000198359808500862
100889000.5	NS	C/C	0.000100741117245971
100889000.5	PAM3CSK4	A/A	0.000355644827785434
100889000.5	PAM3CSK4	A/C	0.000365999903232843
100889000.5	PAM3CSK4	C/C	0.000788536843684564
100889000.5	R848	A/A	0.00122070962881442
100889000.5	R848	A/C	0.00114537577888298
100889000.5	R848	C/C	0.0014971863385383
100891000.5	IAV	A/A	0.000324110530801349
100891000.5	IAV	A/C	0.000285169005684413
100891000.5	IAV	C/C	0.000336121630277564
100891000.5	LPS	A/A	0.000876557904241662
100891000.5	LPS	A/C	0.000606005460148049
100891000.5	LPS	C/C	0.000882783780640437
100891000.5	NS	A/A	0.000239758815628225
100891000.5	NS	A/C	0.000156754405910584
100891000.5	NS	C/C	0.000212320691410436
100891000.5	PAM3CSK4	A/A	0.000717567085309701
100891000.5	PAM3CSK4	A/C	0.000892403319886715
100891000.5	PAM3CSK4	C/C	0.000860759622407907
100891000.5	R848	A/A	0.0019473616045203
100891000.5	R848	A/C	0.00198931798472303
100891000.5	R848	C/C	0.00225167990972077
100893000.5	IAV	A/A	0.00023272027743177
100893000.5	IAV	A/C	0.000218231881293884
100893000.5	IAV	C/C	0.000261640078429882
100893000.5	LPS	A/A	0.000157836384844883
100893000.5	LPS	A/C	0.000497874941025658
100893000.5	LPS	C/C	0.000509684519082537
100893000.5	NS	A/A	0.000151434754130693
100893000.5	NS	A/C	0.000125602810899515
100893000.5	NS	C/C	0.000251827198594897
100893000.5	PAM3CSK4	A/A	0.000578505150425812
100893000.5	PAM3CSK4	A/C	0.000517037700489753
100893000.5	PAM3CSK4	C/C	0.000723221670919415
100893000.5	R848	A/A	0.000673324292831016
100893000.5	R848	A/C	0.000673211341847579
100893000.5	R848	C/C	0.000727297913650222
100895000.5	IAV	A/A	0.0403472143931493
100895000.5	IAV	A/C	0.0416853864659598
100895000.5	IAV	C/C	0.0426594809873856
100895000.5	LPS	A/A	0.042554615441973
100895000.5	LPS	A/C	0.0427701584798179
100895000.5	LPS	C/C	0.0431450233001559
100895000.5	NS	A/A	0.0400079378495294
100895000.5	NS	A/C	0.0412925495825621
100895000.5	NS	C/C	0.0421926286288741
100895000.5	PAM3CSK4	A/A	0.0426012523502445
100895000.5	PAM3CSK4	A/C	0.0427027905943794
100895000.5	PAM3CSK4	C/C	0.0438418925957294
100895000.5	R848	A/A	0.0416899848988899
100895000.5	R848	A/C	0.0435128025379737
100895000.5	R848	C/C	0.0440935887105931
100897000.5	IAV	A/A	0.000580798770223552
100897000.5	IAV	A/C	0.000525702195455067
100897000.5	IAV	C/C	0.000560247123548727
100897000.5	LPS	A/A	0.00127473070653881
100897000.5	LPS	A/C	0.0009810561916292
100897000.5	LPS	C/C	0.00111850300086864
100897000.5	NS	A/A	0.000666120200538075
100897000.5	NS	A/C	0.000499009756939446
100897000.5	NS	C/C	0.000658794556958021
100897000.5	PAM3CSK4	A/A	0.00173693366677771
100897000.5	PAM3CSK4	A/C	0.00125127014996196
100897000.5	PAM3CSK4	C/C	0.00122698998966252
100897000.5	R848	A/A	0.0011597942317983
100897000.5	R848	A/C	0.00133844005376915
100897000.5	R848	C/C	0.00142300629021908
100899000.5	IAV	A/A	0.00131236781712811
100899000.5	IAV	A/C	0.00113817442487252
100899000.5	IAV	C/C	0.00146398488245492
100899000.5	LPS	A/A	0.00276284636935596
100899000.5	LPS	A/C	0.00237850039775174
100899000.5	LPS	C/C	0.00209850784470864
100899000.5	NS	A/A	0.00144571179020028
100899000.5	NS	A/C	0.00130310113222459
100899000.5	NS	C/C	0.00145136506783687
100899000.5	PAM3CSK4	A/A	0.00285803284651909
100899000.5	PAM3CSK4	A/C	0.00224365612002651
100899000.5	PAM3CSK4	C/C	0.00237343525723071
100899000.5	R848	A/A	0.00285410874914203
100899000.5	R848	A/C	0.00259811113567547
100899000.5	R848	C/C	0.00318036734671316
100901000.5	IAV	A/A	0.00587540667076418
100901000.5	IAV	A/C	0.0058256114529784
100901000.5	IAV	C/C	0.00637688636284488
100901000.5	LPS	A/A	0.0140425425840295
100901000.5	LPS	A/C	0.0140123874169782
100901000.5	LPS	C/C	0.0141610296457469
100901000.5	NS	A/A	0.00634654832601739
100901000.5	NS	A/C	0.00603400456559243
100901000.5	NS	C/C	0.00633316011757742
100901000.5	PAM3CSK4	A/A	0.0182057476453171
100901000.5	PAM3CSK4	A/C	0.0158540854051694
100901000.5	PAM3CSK4	C/C	0.0170732850740698
100901000.5	R848	A/A	0.020706620470074
100901000.5	R848	A/C	0.0191465553040394
100901000.5	R848	C/C	0.0230773182449276
100903000.5	IAV	A/A	0.0922999637004932
100903000.5	IAV	A/C	0.0959244610224438
100903000.5	IAV	C/C	0.102561155973525
100903000.5	LPS	A/A	0.106137056006921
100903000.5	LPS	A/C	0.110278843083838
100903000.5	LPS	C/C	0.105897581285611
100903000.5	NS	A/A	0.0965881712199226
100903000.5	NS	A/C	0.0946577216839896
100903000.5	NS	C/C	0.0990091208794382
100903000.5	PAM3CSK4	A/A	0.107530030736126
100903000.5	PAM3CSK4	A/C	0.104662818531094
100903000.5	PAM3CSK4	C/C	0.105777582386318
100903000.5	R848	A/A	0.105650599011872
100903000.5	R848	A/C	0.104090432780938
100903000.5	R848	C/C	0.108485471586438
100905000.5	IAV	A/A	0.00875367413585915
100905000.5	IAV	A/C	0.00787934638221323
100905000.5	IAV	C/C	0.0069566497307662
100905000.5	LPS	A/A	0.0165166718578916
100905000.5	LPS	A/C	0.0150815006568338
100905000.5	LPS	C/C	0.0130020634044401
100905000.5	NS	A/A	0.0125855642840626
100905000.5	NS	A/C	0.0101559797404417
100905000.5	NS	C/C	0.00894464470606119
100905000.5	PAM3CSK4	A/A	0.0196168785170822
100905000.5	PAM3CSK4	A/C	0.0164428774774693
100905000.5	PAM3CSK4	C/C	0.0130324099998096
100905000.5	R848	A/A	0.0118231837806979
100905000.5	R848	A/C	0.00966342293544781
100905000.5	R848	C/C	0.00849338436789957
100907000.5	IAV	A/A	0.000964178012127438
100907000.5	IAV	A/C	0.000740122319698062
100907000.5	IAV	C/C	0.00054351795292981
100907000.5	LPS	A/A	0.00234488515076015
100907000.5	LPS	A/C	0.00180640860999121
100907000.5	LPS	C/C	0.001530590824388
100907000.5	NS	A/A	0.00207889006799394
100907000.5	NS	A/C	0.00164337127428029
100907000.5	NS	C/C	0.00129815155733677
100907000.5	PAM3CSK4	A/A	0.00254395590540563
100907000.5	PAM3CSK4	A/C	0.00188035565843004
100907000.5	PAM3CSK4	C/C	0.00177920500370111
100907000.5	R848	A/A	0.00186078590772372
100907000.5	R848	A/C	0.00121018654638249
100907000.5	R848	C/C	0.001173707954571
100909000.5	IAV	A/A	0.000575831658443735
100909000.5	IAV	A/C	0.000343366480094084
100909000.5	IAV	C/C	0.000263232312008594
100909000.5	LPS	A/A	0.00075208419702658
100909000.5	LPS	A/C	0.000508236059388739
100909000.5	LPS	C/C	0.000298649216907725
100909000.5	NS	A/A	0.00052759679189444
100909000.5	NS	A/C	0.000458956129273116
100909000.5	NS	C/C	0.000355939302773135
100909000.5	PAM3CSK4	A/A	0.000567114388595548
100909000.5	PAM3CSK4	A/C	0.000539688526342077
100909000.5	PAM3CSK4	C/C	0.000583789506626556
100909000.5	R848	A/A	0.00049076719491497
100909000.5	R848	A/C	0.000373432866037669
100909000.5	R848	C/C	0.000372379873445325
100911000.5	IAV	A/A	0.000635300741361766
100911000.5	IAV	A/C	0.000409988789287978
100911000.5	IAV	C/C	0.000329686945495178
100911000.5	LPS	A/A	0.000312474806920471
100911000.5	LPS	A/C	0.000535788953319359
100911000.5	LPS	C/C	0.000490654494043594
100911000.5	NS	A/A	0.000538637730571502
100911000.5	NS	A/C	0.000488683893906583
100911000.5	NS	C/C	0.00027895757516521
100911000.5	PAM3CSK4	A/A	0.000717920648135447
100911000.5	PAM3CSK4	A/C	0.000686654465810438
100911000.5	PAM3CSK4	C/C	0.000471763885809511
100911000.5	R848	A/A	0.000498559709939374
100911000.5	R848	A/C	0.000364010480542446
100911000.5	R848	C/C	0.000442547103640622
100912641	IAV	A/A	0.000824898380741759
100912641	IAV	A/C	0.000600170196300415
100912641	IAV	C/C	0.000329770633039949
100912641	LPS	A/A	0.000873142678996394
100912641	LPS	A/C	0.000441212763862094
100912641	LPS	C/C	0.00018623795263049
100912641	NS	A/A	0.000352363253056558
100912641	NS	A/C	0.000422949387839532
100912641	NS	C/C	0.000539530295581441
100912641	PAM3CSK4	A/A	0.000740620975056747
100912641	PAM3CSK4	A/C	0.000538196769937335
100912641	PAM3CSK4	C/C	0.000716871083200164
100912641	R848	A/A	0.000475600168748952
100912641	R848	A/C	0.000458721135941927
100912641	R848	C/C	0.000504118645591971
